[14:25:19] [ServerMain/INFO]: [bootstrap] Running Java 21 (OpenJDK 64-Bit Server VM 21.0.8+9-Ubuntu-0ubuntu124.04.1; Ubuntu null) on Linux 6.8.0-1030-azure (amd64)
[14:25:19] [ServerMain/INFO]: [bootstrap] Loading Paper 1.21.8-6-main@782ce95 (2025-07-18T20:26:58Z) for Minecraft 1.21.8
[14:25:19] [ServerMain/INFO]: [PluginInitializerManager] Initializing plugins...
[14:25:20] [ServerMain/INFO]: [PluginInitializerManager] Initialized 14 plugins
[14:25:20] [ServerMain/INFO]: [PluginInitializerManager] Bukkit plugins (14):
 - AnimationsCore (0.1-SNAPSHOT), ConditionalEvents (4.66.1), DangerousNether (1.0), ItemEdit (3.7.4), JCinematic-Free (8.8.5), MythicMobs (5.9.5-f13ab4a1), Permadeath (1.3), PlaceholderAPI (2.11.6), SkinsRestorer (15.7.10), SmartSpawner (1.0.8), StaffPlus (3.3.14.2), TerraformGenerator (21.0.1), WorldEdit (7.3.16+cbf4bd5), WorldGuard (7.0.14+2339-43997ec)
[14:25:24] [ServerMain/WARN]: resource-pack-id missing, using default of 3f0aa30c-52d4-36d3-a250-17bd71a801c9
[14:25:24] [ServerMain/INFO]: Environment: Environment[sessionHost=https://sessionserver.mojang.com, servicesHost=https://api.minecraftservices.com, name=PROD]
[14:25:26] [ServerMain/INFO]: Loaded 1407 recipes
[14:25:26] [ServerMain/INFO]: Loaded 1520 advancements
[14:25:26] [ServerMain/INFO]: [ca.spottedleaf.dataconverter.minecraft.datatypes.MCTypeRegistry] Initialising converters for DataConverter...
[14:25:27] [ServerMain/INFO]: [ca.spottedleaf.dataconverter.minecraft.datatypes.MCTypeRegistry] Finished initialising converters for DataConverter in 370.3ms
[14:25:27] [Server thread/INFO]: Starting minecraft server version 1.21.8
[14:25:27] [Server thread/INFO]: Loading properties
[14:25:27] [Server thread/INFO]: This server is running Paper version 1.21.8-6-main@782ce95 (2025-07-18T20:26:58Z) (Implementing API version 1.21.8-R0.1-SNAPSHOT)
[14:25:27] [Server thread/INFO]: [spark] This server bundles the spark profiler. For more information please visit https://docs.papermc.io/paper/profiling
[14:25:27] [Server thread/INFO]: Server Ping Player Sample Count: 12
[14:25:27] [Server thread/INFO]: Using 4 threads for Netty based IO
[14:25:28] [Server thread/INFO]: [MoonriseCommon] Paper is using 1 worker threads, 1 I/O threads
[14:25:28] [Server thread/INFO]: [ChunkTaskScheduler] Chunk system is using population gen parallelism: true
[14:25:29] [Server thread/INFO]: Default game type: SURVIVAL
[14:25:29] [Server thread/INFO]: Generating keypair
[14:25:29] [Server thread/INFO]: Starting Minecraft server on *:25565
[14:25:29] [Server thread/INFO]: Using epoll channel type
[14:25:29] [Server thread/INFO]: Paper: Using libdeflate (Linux x86_64) compression from Velocity.
[14:25:29] [Server thread/INFO]: Paper: Using OpenSSL 3.x.x (Linux x86_64) cipher from Velocity.
[14:25:29] [Server thread/INFO]: [SpigotLibraryLoader] [MythicMobs] Loading 4 libraries... please wait
[14:25:30] [Server thread/INFO]: [SpigotLibraryLoader] [MythicMobs] Loaded library /workspaces/CHAMITOS-DEATH/servidor_minecraft/libraries/net/kyori/adventure-api/4.16.0/adventure-api-4.16.0.jar
[14:25:30] [Server thread/INFO]: [SpigotLibraryLoader] [MythicMobs] Loaded library /workspaces/CHAMITOS-DEATH/servidor_minecraft/libraries/net/kyori/adventure-key/4.16.0/adventure-key-4.16.0.jar
[14:25:30] [Server thread/INFO]: [SpigotLibraryLoader] [MythicMobs] Loaded library /workspaces/CHAMITOS-DEATH/servidor_minecraft/libraries/net/kyori/examination-api/1.3.0/examination-api-1.3.0.jar
[14:25:30] [Server thread/INFO]: [SpigotLibraryLoader] [MythicMobs] Loaded library /workspaces/CHAMITOS-DEATH/servidor_minecraft/libraries/net/kyori/examination-string/1.3.0/examination-string-1.3.0.jar
[14:25:30] [Server thread/INFO]: [SpigotLibraryLoader] [MythicMobs] Loaded library /workspaces/CHAMITOS-DEATH/servidor_minecraft/libraries/org/jetbrains/annotations/24.1.0/annotations-24.1.0.jar
[14:25:30] [Server thread/INFO]: [SpigotLibraryLoader] [MythicMobs] Loaded library /workspaces/CHAMITOS-DEATH/servidor_minecraft/libraries/net/kyori/adventure-platform-bukkit/4.3.2/adventure-platform-bukkit-4.3.2.jar
[14:25:30] [Server thread/INFO]: [SpigotLibraryLoader] [MythicMobs] Loaded library /workspaces/CHAMITOS-DEATH/servidor_minecraft/libraries/net/kyori/adventure-platform-api/4.3.2/adventure-platform-api-4.3.2.jar
[14:25:30] [Server thread/INFO]: [SpigotLibraryLoader] [MythicMobs] Loaded library /workspaces/CHAMITOS-DEATH/servidor_minecraft/libraries/net/kyori/adventure-text-serializer-bungeecord/4.3.2/adventure-text-serializer-bungeecord-4.3.2.jar
[14:25:30] [Server thread/INFO]: [SpigotLibraryLoader] [MythicMobs] Loaded library /workspaces/CHAMITOS-DEATH/servidor_minecraft/libraries/net/kyori/adventure-text-serializer-legacy/4.13.1/adventure-text-serializer-legacy-4.13.1.jar
[14:25:30] [Server thread/INFO]: [SpigotLibraryLoader] [MythicMobs] Loaded library /workspaces/CHAMITOS-DEATH/servidor_minecraft/libraries/net/kyori/adventure-nbt/4.13.1/adventure-nbt-4.13.1.jar
[14:25:30] [Server thread/INFO]: [SpigotLibraryLoader] [MythicMobs] Loaded library /workspaces/CHAMITOS-DEATH/servidor_minecraft/libraries/net/kyori/adventure-text-serializer-gson-legacy-impl/4.13.1/adventure-text-serializer-gson-legacy-impl-4.13.1.jar
[14:25:30] [Server thread/INFO]: [SpigotLibraryLoader] [MythicMobs] Loaded library /workspaces/CHAMITOS-DEATH/servidor_minecraft/libraries/net/kyori/adventure-platform-facet/4.3.2/adventure-platform-facet-4.3.2.jar
[14:25:30] [Server thread/INFO]: [SpigotLibraryLoader] [MythicMobs] Loaded library /workspaces/CHAMITOS-DEATH/servidor_minecraft/libraries/net/kyori/adventure-platform-viaversion/4.3.2/adventure-platform-viaversion-4.3.2.jar
[14:25:30] [Server thread/INFO]: [SpigotLibraryLoader] [MythicMobs] Loaded library /workspaces/CHAMITOS-DEATH/servidor_minecraft/libraries/net/kyori/adventure-text-minimessage/4.16.0/adventure-text-minimessage-4.16.0.jar
[14:25:30] [Server thread/INFO]: [SpigotLibraryLoader] [MythicMobs] Loaded library /workspaces/CHAMITOS-DEATH/servidor_minecraft/libraries/net/kyori/adventure-text-serializer-gson/4.16.0/adventure-text-serializer-gson-4.16.0.jar
[14:25:30] [Server thread/INFO]: [SpigotLibraryLoader] [MythicMobs] Loaded library /workspaces/CHAMITOS-DEATH/servidor_minecraft/libraries/net/kyori/adventure-text-serializer-json/4.16.0/adventure-text-serializer-json-4.16.0.jar
[14:25:30] [Server thread/INFO]: [SpigotLibraryLoader] [MythicMobs] Loaded library /workspaces/CHAMITOS-DEATH/servidor_minecraft/libraries/net/kyori/option/1.0.0/option-1.0.0.jar
[14:25:30] [Server thread/INFO]: [SpigotLibraryLoader] [MythicMobs] Loaded library /workspaces/CHAMITOS-DEATH/servidor_minecraft/libraries/com/google/code/gson/gson/2.8.0/gson-2.8.0.jar
[14:25:30] [Server thread/WARN]: [org.bukkit.craftbukkit.legacy.CraftLegacy] Initializing Legacy Material Support. Unless you have legacy plugins and/or data this is a bug!
[14:25:38] [Server thread/WARN]: Legacy plugin DangerousNether v1.0 does not specify an api-version.
[14:25:38] [Server thread/INFO]: [SpigotLibraryLoader] [ItemEdit] Loading 5 libraries... please wait
[14:25:38] [Server thread/INFO]: [SpigotLibraryLoader] [ItemEdit] Loaded library /workspaces/CHAMITOS-DEATH/servidor_minecraft/libraries/net/kyori/adventure-api/4.20.0/adventure-api-4.20.0.jar
[14:25:38] [Server thread/INFO]: [SpigotLibraryLoader] [ItemEdit] Loaded library /workspaces/CHAMITOS-DEATH/servidor_minecraft/libraries/net/kyori/adventure-key/4.20.0/adventure-key-4.20.0.jar
[14:25:38] [Server thread/INFO]: [SpigotLibraryLoader] [ItemEdit] Loaded library /workspaces/CHAMITOS-DEATH/servidor_minecraft/libraries/net/kyori/examination-api/1.3.0/examination-api-1.3.0.jar
[14:25:38] [Server thread/INFO]: [SpigotLibraryLoader] [ItemEdit] Loaded library /workspaces/CHAMITOS-DEATH/servidor_minecraft/libraries/net/kyori/examination-string/1.3.0/examination-string-1.3.0.jar
[14:25:38] [Server thread/INFO]: [SpigotLibraryLoader] [ItemEdit] Loaded library /workspaces/CHAMITOS-DEATH/servidor_minecraft/libraries/org/jetbrains/annotations/26.0.2/annotations-26.0.2.jar
[14:25:38] [Server thread/INFO]: [SpigotLibraryLoader] [ItemEdit] Loaded library /workspaces/CHAMITOS-DEATH/servidor_minecraft/libraries/net/kyori/adventure-platform-bukkit/4.3.4/adventure-platform-bukkit-4.3.4.jar
[14:25:38] [Server thread/INFO]: [SpigotLibraryLoader] [ItemEdit] Loaded library /workspaces/CHAMITOS-DEATH/servidor_minecraft/libraries/net/kyori/adventure-platform-api/4.3.4/adventure-platform-api-4.3.4.jar
[14:25:38] [Server thread/INFO]: [SpigotLibraryLoader] [ItemEdit] Loaded library /workspaces/CHAMITOS-DEATH/servidor_minecraft/libraries/net/kyori/adventure-text-serializer-bungeecord/4.3.4/adventure-text-serializer-bungeecord-4.3.4.jar
[14:25:38] [Server thread/INFO]: [SpigotLibraryLoader] [ItemEdit] Loaded library /workspaces/CHAMITOS-DEATH/servidor_minecraft/libraries/net/kyori/adventure-nbt/4.13.1/adventure-nbt-4.13.1.jar
[14:25:38] [Server thread/INFO]: [SpigotLibraryLoader] [ItemEdit] Loaded library /workspaces/CHAMITOS-DEATH/servidor_minecraft/libraries/net/kyori/adventure-text-serializer-gson-legacy-impl/4.13.1/adventure-text-serializer-gson-legacy-impl-4.13.1.jar
[14:25:38] [Server thread/INFO]: [SpigotLibraryLoader] [ItemEdit] Loaded library /workspaces/CHAMITOS-DEATH/servidor_minecraft/libraries/net/kyori/adventure-platform-facet/4.3.4/adventure-platform-facet-4.3.4.jar
[14:25:38] [Server thread/INFO]: [SpigotLibraryLoader] [ItemEdit] Loaded library /workspaces/CHAMITOS-DEATH/servidor_minecraft/libraries/net/kyori/adventure-platform-viaversion/4.3.4/adventure-platform-viaversion-4.3.4.jar
[14:25:38] [Server thread/INFO]: [SpigotLibraryLoader] [ItemEdit] Loaded library /workspaces/CHAMITOS-DEATH/servidor_minecraft/libraries/net/kyori/adventure-text-minimessage/4.20.0/adventure-text-minimessage-4.20.0.jar
[14:25:38] [Server thread/INFO]: [SpigotLibraryLoader] [ItemEdit] Loaded library /workspaces/CHAMITOS-DEATH/servidor_minecraft/libraries/net/kyori/adventure-text-serializer-gson/4.20.0/adventure-text-serializer-gson-4.20.0.jar
[14:25:38] [Server thread/INFO]: [SpigotLibraryLoader] [ItemEdit] Loaded library /workspaces/CHAMITOS-DEATH/servidor_minecraft/libraries/net/kyori/adventure-text-serializer-json/4.20.0/adventure-text-serializer-json-4.20.0.jar
[14:25:38] [Server thread/INFO]: [SpigotLibraryLoader] [ItemEdit] Loaded library /workspaces/CHAMITOS-DEATH/servidor_minecraft/libraries/net/kyori/option/1.1.0/option-1.1.0.jar
[14:25:38] [Server thread/INFO]: [SpigotLibraryLoader] [ItemEdit] Loaded library /workspaces/CHAMITOS-DEATH/servidor_minecraft/libraries/org/jspecify/jspecify/1.0.0/jspecify-1.0.0.jar
[14:25:38] [Server thread/INFO]: [SpigotLibraryLoader] [ItemEdit] Loaded library /workspaces/CHAMITOS-DEATH/servidor_minecraft/libraries/com/google/code/gson/gson/2.8.0/gson-2.8.0.jar
[14:25:38] [Server thread/INFO]: [SpigotLibraryLoader] [ItemEdit] Loaded library /workspaces/CHAMITOS-DEATH/servidor_minecraft/libraries/com/google/auto/service/auto-service-annotations/1.1.1/auto-service-annotations-1.1.1.jar
[14:25:38] [Server thread/INFO]: [SpigotLibraryLoader] [ItemEdit] Loaded library /workspaces/CHAMITOS-DEATH/servidor_minecraft/libraries/net/kyori/adventure-text-serializer-commons/4.20.0/adventure-text-serializer-commons-4.20.0.jar
[14:25:38] [Server thread/INFO]: [SpigotLibraryLoader] [ItemEdit] Loaded library /workspaces/CHAMITOS-DEATH/servidor_minecraft/libraries/net/kyori/adventure-text-serializer-legacy/4.20.0/adventure-text-serializer-legacy-4.20.0.jar
[14:25:38] [Server thread/INFO]: [WorldEdit] Loading server plugin WorldEdit v7.3.16+cbf4bd5
[14:25:39] [Server thread/INFO]: Got request to register class com.sk89q.worldedit.bukkit.BukkitServerInterface with WorldEdit [com.sk89q.worldedit.extension.platform.PlatformManager@326eb7ba]
[14:25:39] [Server thread/INFO]: [WorldGuard] Loading server plugin WorldGuard v7.0.14+2339-43997ec
[14:25:39] [Server thread/INFO]: [PlaceholderAPI] Loading server plugin PlaceholderAPI v2.11.6
[14:25:39] [Server thread/INFO]: [MythicMobs] Loading server plugin MythicMobs v5.9.5-f13ab4a1
[14:25:39] [Server thread/INFO]: [LumineUtils] (io.lumine.mythic.bukkit.utils.) is bound to plugin MythicMobs - io.lumine.mythic.bukkit.MythicBukkit
[14:25:39] [Server thread/INFO]: [MythicMobs] §x§f§f§0§0§0§0M§x§f§f§6§6§0§0y§x§f§f§c§c§0§0t§x§c§b§f§f§0§0h§x§6§5§f§f§0§0i§x§0§0§f§f§0§0c§x§0§0§f§f§6§6 §x§0§0§f§f§c§bE§x§0§0§c§b§f§fn§x§0§0§6§5§f§fa§x§0§0§0§0§f§fb§x§6§6§0§0§f§fl§x§c§c§0§0§f§fe§x§f§f§0§0§c§cd§x§f§f§0§0§6§6!
[14:25:39] [Server thread/INFO]: [JCinematic-Free] Loading server plugin JCinematic-Free v8.8.5
[14:25:39] [Server thread/INFO]: [DangerousNether] Loading server plugin DangerousNether v1.0
[14:25:39] [Server thread/INFO]: [SmartSpawner] Loading server plugin SmartSpawner v1.0.8
[14:25:39] [Server thread/INFO]: [Permadeath] Loading server plugin Permadeath v1.3
[14:25:39] [Server thread/ERROR]: [Permadeath] Error initializing plugin 'Permadeath-1.3.jar' in folder 'plugins/.paper-remapped' (Is it up to date?)
java.lang.ExceptionInInitializerError: null
	at Permadeath-1.3.jar/tech.sebazcrc.permadeath.util.NMS.search(NMS.java:40) ~[Permadeath-1.3.jar:?]
	at Permadeath-1.3.jar/tech.sebazcrc.permadeath.util.NMS.<clinit>(NMS.java:23) ~[Permadeath-1.3.jar:?]
	at Permadeath-1.3.jar/tech.sebazcrc.permadeath.Main.onLoad(Main.java:124) ~[Permadeath-1.3.jar:?]
	at io.papermc.paper.plugin.storage.ServerPluginProviderStorage.processProvided(ServerPluginProviderStorage.java:59) ~[paper-1.21.8.jar:1.21.8-6-782ce95]
	at io.papermc.paper.plugin.storage.ServerPluginProviderStorage.processProvided(ServerPluginProviderStorage.java:18) ~[paper-1.21.8.jar:1.21.8-6-782ce95]
	at io.papermc.paper.plugin.storage.SimpleProviderStorage.enter(SimpleProviderStorage.java:39) ~[paper-1.21.8.jar:1.21.8-6-782ce95]
	at io.papermc.paper.plugin.entrypoint.LaunchEntryPointHandler.enter(LaunchEntryPointHandler.java:39) ~[paper-1.21.8.jar:1.21.8-6-782ce95]
	at org.bukkit.craftbukkit.CraftServer.loadPlugins(CraftServer.java:566) ~[paper-1.21.8.jar:1.21.8-6-782ce95]
	at net.minecraft.server.dedicated.DedicatedServer.initServer(DedicatedServer.java:235) ~[paper-1.21.8.jar:1.21.8-6-782ce95]
	at net.minecraft.server.MinecraftServer.runServer(MinecraftServer.java:1164) ~[paper-1.21.8.jar:1.21.8-6-782ce95]
	at net.minecraft.server.MinecraftServer.lambda$spin$2(MinecraftServer.java:310) ~[paper-1.21.8.jar:1.21.8-6-782ce95]
	at java.base/java.lang.Thread.run(Thread.java:1583) ~[?:?]
Caused by: java.lang.ArrayIndexOutOfBoundsException: Index 3 out of bounds for length 3
	at Permadeath-1.3.jar/tech.sebazcrc.permadeath.util.VersionManager.<clinit>(VersionManager.java:13) ~[Permadeath-1.3.jar:?]
	... 12 more
[14:25:39] [Server thread/INFO]: [TerraformGenerator] Loading server plugin TerraformGenerator v21.0.1
[14:25:39] [Server thread/INFO]: [ItemEdit] Loading server plugin ItemEdit v3.7.4
[14:25:39] [Server thread/INFO]: [StaffPlus] Loading server plugin StaffPlus v3.3.14.2
[14:25:39] [Server thread/INFO]: [PlaceholderAPI] Successfully registered internal expansion: staffplus [3.3.14.2]
[14:25:39] [Server thread/INFO]: Hooked into PlaceholderAPI 2.11.6
[14:25:39] [Server thread/INFO]: [ConditionalEvents] Loading server plugin ConditionalEvents v4.66.1
[14:25:39] [Server thread/INFO]: [SkinsRestorer] Loading server plugin SkinsRestorer v15.7.10
[14:25:39] [Server thread/INFO]: [AnimationsCore] Loading server plugin AnimationsCore v0.1-SNAPSHOT
[14:25:39] [Server thread/INFO]: Server permissions file permissions.yml is empty, ignoring it
[14:25:39] [Server thread/INFO]: [WorldEdit] Enabling WorldEdit v7.3.16+cbf4bd5
[14:25:39] [Server thread/INFO]: Registering commands with com.sk89q.worldedit.bukkit.BukkitServerInterface
[14:25:39] [Server thread/INFO]: WEPIF: Using the Bukkit Permissions API.
[14:25:39] [Server thread/INFO]: Using com.sk89q.worldedit.bukkit.adapter.impl.v1_21_6.PaperweightAdapter as the Bukkit adapter
[14:25:41] [Server thread/INFO]: [Permadeath] Enabling Permadeath v1.3
[14:25:41] [Server thread/ERROR]: Error occurred while enabling Permadeath v1.3 (Is it up to date?)
java.lang.NoClassDefFoundError: Could not initialize class tech.sebazcrc.permadeath.util.VersionManager
	at Permadeath-1.3.jar/tech.sebazcrc.permadeath.util.TextUtils.format(TextUtils.java:28) ~[Permadeath-1.3.jar:?]
	at Permadeath-1.3.jar/tech.sebazcrc.permadeath.Main.onEnable(Main.java:113) ~[Permadeath-1.3.jar:?]
	at org.bukkit.plugin.java.JavaPlugin.setEnabled(JavaPlugin.java:280) ~[paper-api-1.21.8-R0.1-SNAPSHOT.jar:?]
	at io.papermc.paper.plugin.manager.PaperPluginInstanceManager.enablePlugin(PaperPluginInstanceManager.java:202) ~[paper-1.21.8.jar:1.21.8-6-782ce95]
	at io.papermc.paper.plugin.manager.PaperPluginManagerImpl.enablePlugin(PaperPluginManagerImpl.java:109) ~[paper-1.21.8.jar:1.21.8-6-782ce95]
	at org.bukkit.plugin.SimplePluginManager.enablePlugin(SimplePluginManager.java:520) ~[paper-api-1.21.8-R0.1-SNAPSHOT.jar:?]
	at org.bukkit.craftbukkit.CraftServer.enablePlugin(CraftServer.java:651) ~[paper-1.21.8.jar:1.21.8-6-782ce95]
	at org.bukkit.craftbukkit.CraftServer.enablePlugins(CraftServer.java:607) ~[paper-1.21.8.jar:1.21.8-6-782ce95]
	at net.minecraft.server.dedicated.DedicatedServer.initServer(DedicatedServer.java:236) ~[paper-1.21.8.jar:1.21.8-6-782ce95]
	at net.minecraft.server.MinecraftServer.runServer(MinecraftServer.java:1164) ~[paper-1.21.8.jar:1.21.8-6-782ce95]
	at net.minecraft.server.MinecraftServer.lambda$spin$2(MinecraftServer.java:310) ~[paper-1.21.8.jar:1.21.8-6-782ce95]
	at java.base/java.lang.Thread.run(Thread.java:1583) ~[?:?]
Caused by: java.lang.ExceptionInInitializerError: Exception java.lang.ArrayIndexOutOfBoundsException: Index 3 out of bounds for length 3 [in thread "Server thread"]
	at Permadeath-1.3.jar/tech.sebazcrc.permadeath.util.VersionManager.<clinit>(VersionManager.java:13) ~[Permadeath-1.3.jar:?]
	at Permadeath-1.3.jar/tech.sebazcrc.permadeath.util.NMS.search(NMS.java:40) ~[Permadeath-1.3.jar:?]
	at Permadeath-1.3.jar/tech.sebazcrc.permadeath.util.NMS.<clinit>(NMS.java:23) ~[Permadeath-1.3.jar:?]
	at Permadeath-1.3.jar/tech.sebazcrc.permadeath.Main.onLoad(Main.java:124) ~[Permadeath-1.3.jar:?]
	at io.papermc.paper.plugin.storage.ServerPluginProviderStorage.processProvided(ServerPluginProviderStorage.java:59) ~[paper-1.21.8.jar:1.21.8-6-782ce95]
	at io.papermc.paper.plugin.storage.ServerPluginProviderStorage.processProvided(ServerPluginProviderStorage.java:18) ~[paper-1.21.8.jar:1.21.8-6-782ce95]
	at io.papermc.paper.plugin.storage.SimpleProviderStorage.enter(SimpleProviderStorage.java:39) ~[paper-1.21.8.jar:1.21.8-6-782ce95]
	at io.papermc.paper.plugin.entrypoint.LaunchEntryPointHandler.enter(LaunchEntryPointHandler.java:39) ~[paper-1.21.8.jar:1.21.8-6-782ce95]
	at org.bukkit.craftbukkit.CraftServer.loadPlugins(CraftServer.java:566) ~[paper-1.21.8.jar:1.21.8-6-782ce95]
	at net.minecraft.server.dedicated.DedicatedServer.initServer(DedicatedServer.java:235) ~[paper-1.21.8.jar:1.21.8-6-782ce95]
	... 3 more
[14:25:41] [Server thread/INFO]: [Permadeath] Disabling Permadeath v1.3
[14:25:41] [Server thread/ERROR]: Error occurred while disabling Permadeath v1.3
java.lang.NoClassDefFoundError: Could not initialize class tech.sebazcrc.permadeath.util.VersionManager
	at Permadeath-1.3.jar/tech.sebazcrc.permadeath.util.TextUtils.format(TextUtils.java:28) ~[Permadeath-1.3.jar:?]
	at Permadeath-1.3.jar/tech.sebazcrc.permadeath.Main.onDisable(Main.java:144) ~[Permadeath-1.3.jar:?]
	at org.bukkit.plugin.java.JavaPlugin.setEnabled(JavaPlugin.java:286) ~[paper-api-1.21.8-R0.1-SNAPSHOT.jar:?]
	at io.papermc.paper.plugin.manager.PaperPluginInstanceManager.disablePlugin(PaperPluginInstanceManager.java:237) ~[paper-1.21.8.jar:1.21.8-6-782ce95]
	at io.papermc.paper.plugin.manager.PaperPluginManagerImpl.disablePlugin(PaperPluginManagerImpl.java:114) ~[paper-1.21.8.jar:1.21.8-6-782ce95]
	at org.bukkit.plugin.SimplePluginManager.disablePlugin(SimplePluginManager.java:550) ~[paper-api-1.21.8-R0.1-SNAPSHOT.jar:?]
	at io.papermc.paper.plugin.manager.PaperPluginInstanceManager.enablePlugin(PaperPluginInstanceManager.java:206) ~[paper-1.21.8.jar:1.21.8-6-782ce95]
	at io.papermc.paper.plugin.manager.PaperPluginManagerImpl.enablePlugin(PaperPluginManagerImpl.java:109) ~[paper-1.21.8.jar:1.21.8-6-782ce95]
	at org.bukkit.plugin.SimplePluginManager.enablePlugin(SimplePluginManager.java:520) ~[paper-api-1.21.8-R0.1-SNAPSHOT.jar:?]
	at org.bukkit.craftbukkit.CraftServer.enablePlugin(CraftServer.java:651) ~[paper-1.21.8.jar:1.21.8-6-782ce95]
	at org.bukkit.craftbukkit.CraftServer.enablePlugins(CraftServer.java:607) ~[paper-1.21.8.jar:1.21.8-6-782ce95]
	at net.minecraft.server.dedicated.DedicatedServer.initServer(DedicatedServer.java:236) ~[paper-1.21.8.jar:1.21.8-6-782ce95]
	at net.minecraft.server.MinecraftServer.runServer(MinecraftServer.java:1164) ~[paper-1.21.8.jar:1.21.8-6-782ce95]
	at net.minecraft.server.MinecraftServer.lambda$spin$2(MinecraftServer.java:310) ~[paper-1.21.8.jar:1.21.8-6-782ce95]
	at java.base/java.lang.Thread.run(Thread.java:1583) ~[?:?]
Caused by: java.lang.ExceptionInInitializerError: Exception java.lang.ArrayIndexOutOfBoundsException: Index 3 out of bounds for length 3 [in thread "Server thread"]
	at Permadeath-1.3.jar/tech.sebazcrc.permadeath.util.VersionManager.<clinit>(VersionManager.java:13) ~[Permadeath-1.3.jar:?]
	at Permadeath-1.3.jar/tech.sebazcrc.permadeath.util.NMS.search(NMS.java:40) ~[Permadeath-1.3.jar:?]
	at Permadeath-1.3.jar/tech.sebazcrc.permadeath.util.NMS.<clinit>(NMS.java:23) ~[Permadeath-1.3.jar:?]
	at Permadeath-1.3.jar/tech.sebazcrc.permadeath.Main.onLoad(Main.java:124) ~[Permadeath-1.3.jar:?]
	at io.papermc.paper.plugin.storage.ServerPluginProviderStorage.processProvided(ServerPluginProviderStorage.java:59) ~[paper-1.21.8.jar:1.21.8-6-782ce95]
	at io.papermc.paper.plugin.storage.ServerPluginProviderStorage.processProvided(ServerPluginProviderStorage.java:18) ~[paper-1.21.8.jar:1.21.8-6-782ce95]
	at io.papermc.paper.plugin.storage.SimpleProviderStorage.enter(SimpleProviderStorage.java:39) ~[paper-1.21.8.jar:1.21.8-6-782ce95]
	at io.papermc.paper.plugin.entrypoint.LaunchEntryPointHandler.enter(LaunchEntryPointHandler.java:39) ~[paper-1.21.8.jar:1.21.8-6-782ce95]
	at org.bukkit.craftbukkit.CraftServer.loadPlugins(CraftServer.java:566) ~[paper-1.21.8.jar:1.21.8-6-782ce95]
	at net.minecraft.server.dedicated.DedicatedServer.initServer(DedicatedServer.java:235) ~[paper-1.21.8.jar:1.21.8-6-782ce95]
	... 3 more
[14:25:41] [Server thread/INFO]: [TerraformGenerator] Enabling TerraformGenerator v21.0.1
[14:25:41] [Server thread/INFO]: [TerraformGenerator] Custom Logger Initialized
[14:25:41] [Server thread/INFO]: [TerraformGenerator] bStats Metrics enabled.
[14:25:41] [Server thread/INFO]: [TerraformGenerator] Detected version: 1.21.8, number: 21.8
[14:25:41] [Server thread/INFO]: [SkinsRestorer] Enabling SkinsRestorer v15.7.10
[14:25:42] [Server thread/INFO]: [SkinsRestorer] Running on Minecraft 1.21.8.
[14:25:42] [Server thread/INFO]: [SkinsRestorer] Using paper join listener!
[14:25:42] [Server thread/INFO]: [PlaceholderAPI] Successfully registered internal expansion: skinsrestorer [15.7.10]
[14:25:42] [Server thread/INFO]: [SkinsRestorer] PlaceholderAPI expansion registered!
[14:25:42] [Server thread/WARN]: **** SERVER IS RUNNING IN OFFLINE/INSECURE MODE!
[14:25:42] [Server thread/WARN]: The server will make no attempt to authenticate usernames. Beware.
[14:25:42] [Server thread/WARN]: While this makes the game possible to play without internet access, it also opens up the ability for hackers to connect with any username they choose.
[14:25:42] [Server thread/WARN]: To change this, set "online-mode" to "true" in the server.properties file.
[14:25:42] [Server thread/INFO]: Preparing level "world"
[14:25:43] [Folia Async Scheduler Thread #1/INFO]: [SkinsRestorer] ----------------------------------------------
[14:25:43] [Folia Async Scheduler Thread #1/INFO]: [SkinsRestorer]     +==================+
[14:25:43] [Folia Async Scheduler Thread #1/INFO]: [SkinsRestorer]     |   SkinsRestorer  |
[14:25:43] [Folia Async Scheduler Thread #1/INFO]: [SkinsRestorer]     |------------------|
[14:25:43] [Folia Async Scheduler Thread #1/INFO]: [SkinsRestorer]     |  Standalone Mode |
[14:25:43] [Folia Async Scheduler Thread #1/INFO]: [SkinsRestorer]     +==================+
[14:25:43] [Folia Async Scheduler Thread #1/INFO]: [SkinsRestorer] ----------------------------------------------
[14:25:43] [Folia Async Scheduler Thread #1/INFO]: [SkinsRestorer]     Version: 15.7.10
[14:25:43] [Folia Async Scheduler Thread #1/INFO]: [SkinsRestorer]     Commit: 19ef760
[14:25:43] [Folia Async Scheduler Thread #1/INFO]: [SkinsRestorer]     This is the latest version!
[14:25:43] [Folia Async Scheduler Thread #1/INFO]: [SkinsRestorer] ----------------------------------------------
[14:25:43] [Folia Async Scheduler Thread #1/INFO]: [SkinsRestorer] Do you have issues? Read our troubleshooting guide: https://skinsrestorer.net/docs/troubleshooting
[14:25:43] [Folia Async Scheduler Thread #1/INFO]: [SkinsRestorer] Want to support SkinsRestorer? Consider donating: https://skinsrestorer.net/donate
[14:25:44] [Server thread/INFO]: Preparing start region for dimension minecraft:overworld
[14:25:44] [Server thread/INFO]: Preparing spawn area: 0%
[14:25:44] [Server thread/INFO]: Preparing spawn area: 2%
[14:25:45] [Server thread/INFO]: Preparing spawn area: 36%
[14:25:45] [Server thread/INFO]: Time elapsed: 1081 ms
[14:25:45] [Server thread/INFO]: Preparing start region for dimension minecraft:the_nether
[14:25:45] [Server thread/INFO]: Preparing spawn area: 0%
[14:25:45] [Server thread/INFO]: Time elapsed: 240 ms
[14:25:45] [Server thread/INFO]: Preparing start region for dimension minecraft:the_end
[14:25:45] [Server thread/INFO]: Preparing spawn area: 0%
[14:25:45] [Server thread/INFO]: Time elapsed: 167 ms
[14:25:45] [Server thread/INFO]: [WorldGuard] Enabling WorldGuard v7.0.14+2339-43997ec
[14:25:45] [Server thread/INFO]: [WorldGuard] (world) TNT ignition is PERMITTED.
[14:25:45] [Server thread/INFO]: [WorldGuard] (world) Lighters are PERMITTED.
[14:25:45] [Server thread/INFO]: [WorldGuard] (world) Lava fire is PERMITTED.
[14:25:45] [Server thread/INFO]: [WorldGuard] (world) Fire spread is UNRESTRICTED.
[14:25:45] [Server thread/INFO]: [WorldGuard] Loaded configuration for world 'world'
[14:25:45] [Server thread/INFO]: [WorldGuard] (world_nether) TNT ignition is PERMITTED.
[14:25:45] [Server thread/INFO]: [WorldGuard] (world_nether) Lighters are PERMITTED.
[14:25:45] [Server thread/INFO]: [WorldGuard] (world_nether) Lava fire is PERMITTED.
[14:25:45] [Server thread/INFO]: [WorldGuard] (world_nether) Fire spread is UNRESTRICTED.
[14:25:45] [Server thread/INFO]: [WorldGuard] Loaded configuration for world 'world_nether'
[14:25:45] [Server thread/INFO]: [WorldGuard] (world_the_end) TNT ignition is PERMITTED.
[14:25:45] [Server thread/INFO]: [WorldGuard] (world_the_end) Lighters are PERMITTED.
[14:25:45] [Server thread/INFO]: [WorldGuard] (world_the_end) Lava fire is PERMITTED.
[14:25:45] [Server thread/INFO]: [WorldGuard] (world_the_end) Fire spread is UNRESTRICTED.
[14:25:45] [Server thread/INFO]: [WorldGuard] Loaded configuration for world 'world_the_end'
[14:25:45] [Server thread/INFO]: [WorldGuard] Loading region data...
[14:25:46] [Server thread/INFO]: [PlaceholderAPI] Enabling PlaceholderAPI v2.11.6
[14:25:46] [Server thread/INFO]: [PlaceholderAPI] Fetching available expansion information...
[14:25:46] [Server thread/INFO]: [MythicMobs] Enabling MythicMobs v5.9.5-f13ab4a1
[14:25:46] [Server thread/INFO]: [MythicMobs] Loading MythicMobs for Paper (MC: 1.21.8)...
[14:25:46] [Server thread/INFO]: [MythicMobs] The server is running Paper; enabled Paper exclusive functionality
[14:25:46] [Server thread/ERROR]: Error occurred while enabling MythicMobs v5.9.5-f13ab4a1 (Is it up to date?)
java.lang.NullPointerException: Cannot invoke "io.lumine.mythic.bukkit.utils.version.NMSVersion.toString()" because the return value of "io.lumine.mythic.bukkit.utils.version.ServerVersion.getNMS()" is null
	at MythicMobs-5.9.5.jar/io.lumine.mythic.bukkit.MythicBukkit.getVolatileCodeHandler(MythicBukkit.java:305) ~[MythicMobs-5.9.5.jar:?]
	at MythicMobs-5.9.5.jar/io.lumine.mythic.bukkit.BukkitBootstrap.lambda$initialize$0(BukkitBootstrap.java:98) ~[MythicMobs-5.9.5.jar:?]
	at java.base/java.util.Map.forEach(Map.java:733) ~[?:?]
	at MythicMobs-5.9.5.jar/io.lumine.mythic.bukkit.BukkitBootstrap.initialize(BukkitBootstrap.java:96) ~[MythicMobs-5.9.5.jar:?]
	at MythicMobs-5.9.5.jar/io.lumine.mythic.bukkit.MythicBukkit.enable(MythicBukkit.java:158) ~[MythicMobs-5.9.5.jar:?]
	at MythicMobs-5.9.5.jar/io.lumine.mythic.bukkit.utils.plugin.LuminePlugin.onEnable(LuminePlugin.java:81) ~[MythicMobs-5.9.5.jar:?]
	at org.bukkit.plugin.java.JavaPlugin.setEnabled(JavaPlugin.java:280) ~[paper-api-1.21.8-R0.1-SNAPSHOT.jar:?]
	at io.papermc.paper.plugin.manager.PaperPluginInstanceManager.enablePlugin(PaperPluginInstanceManager.java:202) ~[paper-1.21.8.jar:1.21.8-6-782ce95]
	at io.papermc.paper.plugin.manager.PaperPluginManagerImpl.enablePlugin(PaperPluginManagerImpl.java:109) ~[paper-1.21.8.jar:1.21.8-6-782ce95]
	at org.bukkit.plugin.SimplePluginManager.enablePlugin(SimplePluginManager.java:520) ~[paper-api-1.21.8-R0.1-SNAPSHOT.jar:?]
	at org.bukkit.craftbukkit.CraftServer.enablePlugin(CraftServer.java:651) ~[paper-1.21.8.jar:1.21.8-6-782ce95]
	at org.bukkit.craftbukkit.CraftServer.enablePlugins(CraftServer.java:607) ~[paper-1.21.8.jar:1.21.8-6-782ce95]
	at net.minecraft.server.MinecraftServer.loadWorld0(MinecraftServer.java:743) ~[paper-1.21.8.jar:1.21.8-6-782ce95]
	at net.minecraft.server.MinecraftServer.loadLevel(MinecraftServer.java:488) ~[paper-1.21.8.jar:1.21.8-6-782ce95]
	at net.minecraft.server.dedicated.DedicatedServer.initServer(DedicatedServer.java:280) ~[paper-1.21.8.jar:1.21.8-6-782ce95]
	at net.minecraft.server.MinecraftServer.runServer(MinecraftServer.java:1164) ~[paper-1.21.8.jar:1.21.8-6-782ce95]
	at net.minecraft.server.MinecraftServer.lambda$spin$2(MinecraftServer.java:310) ~[paper-1.21.8.jar:1.21.8-6-782ce95]
	at java.base/java.lang.Thread.run(Thread.java:1583) ~[?:?]
[14:25:46] [Server thread/INFO]: [MythicMobs] Disabling MythicMobs v5.9.5-f13ab4a1
[14:25:46] [Server thread/INFO]: [MythicMobs] ------------------------------------------------------------
[14:25:46] [Server thread/INFO]: [MythicMobs] - 
[14:25:46] [Server thread/INFO]: [MythicMobs] - Unloading Mythic...
[14:25:46] [Server thread/INFO]: [MythicMobs] - 
[14:25:46] [Server thread/INFO]: [MythicMobs] ------------------------------------------------------------
[14:25:46] [Server thread/WARN]: java.lang.NullPointerException: Cannot invoke "io.lumine.mythic.core.mobs.MobExecutor.despawnAllMobs()" because the return value of "io.lumine.mythic.bukkit.MythicBukkit.getMobManager()" is null
[14:25:46] [Server thread/WARN]: 	at MythicMobs-5.9.5.jar//io.lumine.mythic.bukkit.MythicBukkit.disable(MythicBukkit.java:257)
[14:25:46] [Server thread/WARN]: 	at MythicMobs-5.9.5.jar//io.lumine.mythic.bukkit.utils.plugin.LuminePlugin.onDisable(LuminePlugin.java:91)
[14:25:46] [Server thread/WARN]: 	at org.bukkit.plugin.java.JavaPlugin.setEnabled(JavaPlugin.java:286)
[14:25:46] [Server thread/WARN]: 	at io.papermc.paper.plugin.manager.PaperPluginInstanceManager.disablePlugin(PaperPluginInstanceManager.java:237)
[14:25:46] [Server thread/WARN]: 	at io.papermc.paper.plugin.manager.PaperPluginManagerImpl.disablePlugin(PaperPluginManagerImpl.java:114)
[14:25:46] [Server thread/WARN]: 	at org.bukkit.plugin.SimplePluginManager.disablePlugin(SimplePluginManager.java:550)
[14:25:46] [Server thread/WARN]: 	at io.papermc.paper.plugin.manager.PaperPluginInstanceManager.enablePlugin(PaperPluginInstanceManager.java:206)
[14:25:46] [Server thread/WARN]: 	at io.papermc.paper.plugin.manager.PaperPluginManagerImpl.enablePlugin(PaperPluginManagerImpl.java:109)
[14:25:46] [Server thread/WARN]: 	at org.bukkit.plugin.SimplePluginManager.enablePlugin(SimplePluginManager.java:520)
[14:25:46] [Server thread/WARN]: 	at org.bukkit.craftbukkit.CraftServer.enablePlugin(CraftServer.java:651)
[14:25:46] [Server thread/WARN]: 	at org.bukkit.craftbukkit.CraftServer.enablePlugins(CraftServer.java:607)
[14:25:46] [Server thread/WARN]: 	at net.minecraft.server.MinecraftServer.loadWorld0(MinecraftServer.java:743)
[14:25:46] [Server thread/WARN]: 	at net.minecraft.server.MinecraftServer.loadLevel(MinecraftServer.java:488)
[14:25:46] [Server thread/WARN]: 	at net.minecraft.server.dedicated.DedicatedServer.initServer(DedicatedServer.java:280)
[14:25:46] [Server thread/WARN]: 	at net.minecraft.server.MinecraftServer.runServer(MinecraftServer.java:1164)
[14:25:46] [Server thread/WARN]: 	at net.minecraft.server.MinecraftServer.lambda$spin$2(MinecraftServer.java:310)
[14:25:46] [Server thread/WARN]: 	at java.base/java.lang.Thread.run(Thread.java:1583)
[14:25:46] [Server thread/INFO]: [MythicMobs] Saving plugin data...
[14:25:46] [Server thread/INFO]: [MythicMobs] ✗An error occurred while saving data
[14:25:46] [Server thread/WARN]: java.lang.NullPointerException: Cannot invoke "io.lumine.mythic.core.mobs.MobExecutor.saveCachedActiveMobs()" because the return value of "io.lumine.mythic.bukkit.MythicBukkit.getMobManager()" is null
[14:25:46] [Server thread/WARN]: 	at MythicMobs-5.9.5.jar//io.lumine.mythic.core.config.ConfigExecutor.save(ConfigExecutor.java:479)
[14:25:46] [Server thread/WARN]: 	at MythicMobs-5.9.5.jar//io.lumine.mythic.core.config.ConfigExecutor.unload(ConfigExecutor.java:508)
[14:25:46] [Server thread/WARN]: 	at MythicMobs-5.9.5.jar//io.lumine.mythic.bukkit.utils.plugin.PluginModule.close(PluginModule.java:50)
[14:25:46] [Server thread/WARN]: 	at MythicMobs-5.9.5.jar//io.lumine.mythic.bukkit.utils.terminable.composite.AbstractCompositeTerminable.close(AbstractCompositeTerminable.java:31)
[14:25:46] [Server thread/WARN]: 	at MythicMobs-5.9.5.jar//io.lumine.mythic.bukkit.utils.terminable.composite.CompositeTerminable.closeAndReportException(CompositeTerminable.java:63)
[14:25:46] [Server thread/WARN]: 	at MythicMobs-5.9.5.jar//io.lumine.mythic.bukkit.utils.plugin.LuminePlugin.close(LuminePlugin.java:100)
[14:25:46] [Server thread/WARN]: 	at MythicMobs-5.9.5.jar//io.lumine.mythic.bukkit.utils.plugin.LuminePlugin.onDisable(LuminePlugin.java:95)
[14:25:46] [Server thread/WARN]: 	at org.bukkit.plugin.java.JavaPlugin.setEnabled(JavaPlugin.java:286)
[14:25:46] [Server thread/WARN]: 	at io.papermc.paper.plugin.manager.PaperPluginInstanceManager.disablePlugin(PaperPluginInstanceManager.java:237)
[14:25:46] [Server thread/WARN]: 	at io.papermc.paper.plugin.manager.PaperPluginManagerImpl.disablePlugin(PaperPluginManagerImpl.java:114)
[14:25:46] [Server thread/WARN]: 	at org.bukkit.plugin.SimplePluginManager.disablePlugin(SimplePluginManager.java:550)
[14:25:46] [Server thread/WARN]: 	at io.papermc.paper.plugin.manager.PaperPluginInstanceManager.enablePlugin(PaperPluginInstanceManager.java:206)
[14:25:46] [Server thread/WARN]: 	at io.papermc.paper.plugin.manager.PaperPluginManagerImpl.enablePlugin(PaperPluginManagerImpl.java:109)
[14:25:46] [Server thread/WARN]: 	at org.bukkit.plugin.SimplePluginManager.enablePlugin(SimplePluginManager.java:520)
[14:25:46] [Server thread/WARN]: 	at org.bukkit.craftbukkit.CraftServer.enablePlugin(CraftServer.java:651)
[14:25:46] [Server thread/WARN]: 	at org.bukkit.craftbukkit.CraftServer.enablePlugins(CraftServer.java:607)
[14:25:46] [Server thread/WARN]: 	at net.minecraft.server.MinecraftServer.loadWorld0(MinecraftServer.java:743)
[14:25:46] [Server thread/WARN]: 	at net.minecraft.server.MinecraftServer.loadLevel(MinecraftServer.java:488)
[14:25:46] [Server thread/WARN]: 	at net.minecraft.server.dedicated.DedicatedServer.initServer(DedicatedServer.java:280)
[14:25:46] [Server thread/WARN]: 	at net.minecraft.server.MinecraftServer.runServer(MinecraftServer.java:1164)
[14:25:46] [Server thread/WARN]: 	at net.minecraft.server.MinecraftServer.lambda$spin$2(MinecraftServer.java:310)
[14:25:46] [Server thread/WARN]: 	at java.base/java.lang.Thread.run(Thread.java:1583)
[14:25:46] [Server thread/WARN]: io.lumine.mythic.bukkit.utils.terminable.composite.CompositeClosingException: Exception(s) occurred whilst closing: [java.lang.NullPointerException: Cannot invoke "io.lumine.mythic.core.drops.DropExecutor.unload()" because the return value of "io.lumine.mythic.bukkit.MythicBukkit.getDropManager()" is null]
[14:25:46] [Server thread/WARN]: 	at MythicMobs-5.9.5.jar//io.lumine.mythic.bukkit.utils.terminable.composite.AbstractCompositeTerminable.close(AbstractCompositeTerminable.java:38)
[14:25:46] [Server thread/WARN]: 	at MythicMobs-5.9.5.jar//io.lumine.mythic.bukkit.utils.terminable.composite.CompositeTerminable.closeAndReportException(CompositeTerminable.java:63)
[14:25:46] [Server thread/WARN]: 	at MythicMobs-5.9.5.jar//io.lumine.mythic.bukkit.utils.plugin.LuminePlugin.close(LuminePlugin.java:100)
[14:25:46] [Server thread/WARN]: 	at MythicMobs-5.9.5.jar//io.lumine.mythic.bukkit.utils.plugin.LuminePlugin.onDisable(LuminePlugin.java:95)
[14:25:46] [Server thread/WARN]: 	at org.bukkit.plugin.java.JavaPlugin.setEnabled(JavaPlugin.java:286)
[14:25:46] [Server thread/WARN]: 	at io.papermc.paper.plugin.manager.PaperPluginInstanceManager.disablePlugin(PaperPluginInstanceManager.java:237)
[14:25:46] [Server thread/WARN]: 	at io.papermc.paper.plugin.manager.PaperPluginManagerImpl.disablePlugin(PaperPluginManagerImpl.java:114)
[14:25:46] [Server thread/WARN]: 	at org.bukkit.plugin.SimplePluginManager.disablePlugin(SimplePluginManager.java:550)
[14:25:46] [Server thread/WARN]: 	at io.papermc.paper.plugin.manager.PaperPluginInstanceManager.enablePlugin(PaperPluginInstanceManager.java:206)
[14:25:46] [Server thread/WARN]: 	at io.papermc.paper.plugin.manager.PaperPluginManagerImpl.enablePlugin(PaperPluginManagerImpl.java:109)
[14:25:46] [Server thread/WARN]: 	at org.bukkit.plugin.SimplePluginManager.enablePlugin(SimplePluginManager.java:520)
[14:25:46] [Server thread/WARN]: 	at org.bukkit.craftbukkit.CraftServer.enablePlugin(CraftServer.java:651)
[14:25:46] [Server thread/WARN]: 	at org.bukkit.craftbukkit.CraftServer.enablePlugins(CraftServer.java:607)
[14:25:46] [Server thread/WARN]: 	at net.minecraft.server.MinecraftServer.loadWorld0(MinecraftServer.java:743)
[14:25:46] [Server thread/WARN]: 	at net.minecraft.server.MinecraftServer.loadLevel(MinecraftServer.java:488)
[14:25:46] [Server thread/WARN]: 	at net.minecraft.server.dedicated.DedicatedServer.initServer(DedicatedServer.java:280)
[14:25:46] [Server thread/WARN]: 	at net.minecraft.server.MinecraftServer.runServer(MinecraftServer.java:1164)
[14:25:46] [Server thread/WARN]: 	at net.minecraft.server.MinecraftServer.lambda$spin$2(MinecraftServer.java:310)
[14:25:46] [Server thread/WARN]: 	at java.base/java.lang.Thread.run(Thread.java:1583)
[14:25:46] [Server thread/WARN]: java.lang.NullPointerException: Cannot invoke "io.lumine.mythic.core.drops.DropExecutor.unload()" because the return value of "io.lumine.mythic.bukkit.MythicBukkit.getDropManager()" is null
[14:25:46] [Server thread/WARN]: 	at MythicMobs-5.9.5.jar//io.lumine.mythic.core.config.ConfigExecutor.unload(ConfigExecutor.java:510)
[14:25:46] [Server thread/WARN]: 	at MythicMobs-5.9.5.jar//io.lumine.mythic.bukkit.utils.plugin.PluginModule.close(PluginModule.java:50)
[14:25:46] [Server thread/WARN]: 	at MythicMobs-5.9.5.jar//io.lumine.mythic.bukkit.utils.terminable.composite.AbstractCompositeTerminable.close(AbstractCompositeTerminable.java:31)
[14:25:46] [Server thread/WARN]: 	at MythicMobs-5.9.5.jar//io.lumine.mythic.bukkit.utils.terminable.composite.CompositeTerminable.closeAndReportException(CompositeTerminable.java:63)
[14:25:46] [Server thread/WARN]: 	at MythicMobs-5.9.5.jar//io.lumine.mythic.bukkit.utils.plugin.LuminePlugin.close(LuminePlugin.java:100)
[14:25:46] [Server thread/WARN]: 	at MythicMobs-5.9.5.jar//io.lumine.mythic.bukkit.utils.plugin.LuminePlugin.onDisable(LuminePlugin.java:95)
[14:25:46] [Server thread/WARN]: 	at org.bukkit.plugin.java.JavaPlugin.setEnabled(JavaPlugin.java:286)
[14:25:46] [Server thread/WARN]: 	at io.papermc.paper.plugin.manager.PaperPluginInstanceManager.disablePlugin(PaperPluginInstanceManager.java:237)
[14:25:46] [Server thread/WARN]: 	at io.papermc.paper.plugin.manager.PaperPluginManagerImpl.disablePlugin(PaperPluginManagerImpl.java:114)
[14:25:46] [Server thread/WARN]: 	at org.bukkit.plugin.SimplePluginManager.disablePlugin(SimplePluginManager.java:550)
[14:25:46] [Server thread/WARN]: 	at io.papermc.paper.plugin.manager.PaperPluginInstanceManager.enablePlugin(PaperPluginInstanceManager.java:206)
[14:25:46] [Server thread/WARN]: 	at io.papermc.paper.plugin.manager.PaperPluginManagerImpl.enablePlugin(PaperPluginManagerImpl.java:109)
[14:25:46] [Server thread/WARN]: 	at org.bukkit.plugin.SimplePluginManager.enablePlugin(SimplePluginManager.java:520)
[14:25:46] [Server thread/WARN]: 	at org.bukkit.craftbukkit.CraftServer.enablePlugin(CraftServer.java:651)
[14:25:46] [Server thread/WARN]: 	at org.bukkit.craftbukkit.CraftServer.enablePlugins(CraftServer.java:607)
[14:25:46] [Server thread/WARN]: 	at net.minecraft.server.MinecraftServer.loadWorld0(MinecraftServer.java:743)
[14:25:46] [Server thread/WARN]: 	at net.minecraft.server.MinecraftServer.loadLevel(MinecraftServer.java:488)
[14:25:46] [Server thread/WARN]: 	at net.minecraft.server.dedicated.DedicatedServer.initServer(DedicatedServer.java:280)
[14:25:46] [Server thread/WARN]: 	at net.minecraft.server.MinecraftServer.runServer(MinecraftServer.java:1164)
[14:25:46] [Server thread/WARN]: 	at net.minecraft.server.MinecraftServer.lambda$spin$2(MinecraftServer.java:310)
[14:25:46] [Server thread/WARN]: 	at java.base/java.lang.Thread.run(Thread.java:1583)
[14:25:46] [Server thread/INFO]: [JCinematic-Free] Enabling JCinematic-Free v8.8.5
[14:25:46] [Server thread/INFO]: [JCinematic-Free] ========================
[14:25:46] [Server thread/INFO]: [JCinematic-Free] JCinematic-Free Plugin Enabled!
[14:25:46] [Server thread/INFO]: [JCinematic-Free] Author: Jon117-EtherStudio
[14:25:46] [Server thread/INFO]: [JCinematic-Free] Version: 8.8.5
[14:25:46] [Server thread/INFO]: [JCinematic-Free] Compatible with Minecraft 1.21.4 and 1.21.5
[14:25:46] [Server thread/INFO]: [JCinematic-Free] ========================
[14:25:46] [Server thread/INFO]: [DangerousNether] Enabling DangerousNether v1.0*
[14:25:46] [Server thread/INFO]: [SmartSpawner] Enabling SmartSpawner v1.0.8
[14:25:46] [Server thread/INFO]: [SmartSpawner] Enabled
[14:25:46] [Server thread/INFO]: [ItemEdit] Enabling ItemEdit v3.7.4
[14:25:46] [Server thread/INFO]: [ItemEdit] Hooking into MiniMessageAPI see https://webui.advntr.dev/
[14:25:46] [Server thread/INFO]: [ItemEdit] Selected Storage Type: YAML
[14:25:46] [Server thread/INFO]: [ItemEdit] Unable to hook into Vault
[14:25:46] [Server thread/INFO]: [ItemEdit] Hooking into PlaceHolderAPI
[14:25:46] [Server thread/INFO]: [ItemEdit] placeholders:
[14:25:46] [Server thread/INFO]: [ItemEdit]   %itemedit_amount_<{itemid}>_[{slot}]_[{player}]%
[14:25:46] [Server thread/INFO]: [ItemEdit]     shows how many itemid player has on slot
[14:25:46] [Server thread/INFO]: [ItemEdit]     <{itemid}> for item id on serveritem
[14:25:46] [Server thread/INFO]: [ItemEdit]     [{slot}] for the slot where the item should be counted, by default inventory
[14:25:46] [Server thread/INFO]: [ItemEdit]       Values: inventory (include offhand), equip (include offhand), inventoryandequip (include offhand), hand, offhand, head, chest, legs, feet
[14:25:46] [Server thread/INFO]: [ItemEdit]     [{player}] for the player, by default self
[14:25:46] [Server thread/INFO]: [ItemEdit]     example: %itemedit_amount_{my_item_id}_{hand}%
[14:25:46] [Server thread/INFO]: [PlaceholderAPI] Successfully registered internal expansion: itemedit [1.0]
[14:25:46] [Server thread/INFO]: [ItemEdit] # Enabled (took 208 ms)
[14:25:46] [Server thread/INFO]: [StaffPlus] Enabling StaffPlus v3.3.14.2
[14:25:47] [Server thread/INFO]: [Staff+] This version of Minecraft is not supported! If you have just updated to a brand new server version, check the Spigot plugin page.
[14:25:47] [Server thread/INFO]: [StaffPlus] Disabling StaffPlus v3.3.14.2
[14:25:47] [Server thread/INFO]: [Staff+] Staff+ is now disabling!
[14:25:47] [Server thread/ERROR]: Error occurred while disabling StaffPlus v3.3.14.2
java.lang.NullPointerException: Cannot invoke "net.shortninja.staffplus.server.hook.HookHandler.disableAll()" because "this.hookHandler" is null
	at Staff+.jar/net.shortninja.staffplus.StaffPlus.stop(StaffPlus.java:410) ~[Staff+.jar:?]
	at Staff+.jar/net.shortninja.staffplus.StaffPlus.onDisable(StaffPlus.java:171) ~[Staff+.jar:?]
	at org.bukkit.plugin.java.JavaPlugin.setEnabled(JavaPlugin.java:286) ~[paper-api-1.21.8-R0.1-SNAPSHOT.jar:?]
	at io.papermc.paper.plugin.manager.PaperPluginInstanceManager.disablePlugin(PaperPluginInstanceManager.java:237) ~[paper-1.21.8.jar:1.21.8-6-782ce95]
	at io.papermc.paper.plugin.manager.PaperPluginManagerImpl.disablePlugin(PaperPluginManagerImpl.java:114) ~[paper-1.21.8.jar:1.21.8-6-782ce95]
	at org.bukkit.plugin.SimplePluginManager.disablePlugin(SimplePluginManager.java:550) ~[paper-api-1.21.8-R0.1-SNAPSHOT.jar:?]
	at Staff+.jar/net.shortninja.staffplus.StaffPlus.start(StaffPlus.java:190) ~[Staff+.jar:?]
	at Staff+.jar/net.shortninja.staffplus.StaffPlus.onEnable(StaffPlus.java:141) ~[Staff+.jar:?]
	at org.bukkit.plugin.java.JavaPlugin.setEnabled(JavaPlugin.java:280) ~[paper-api-1.21.8-R0.1-SNAPSHOT.jar:?]
	at io.papermc.paper.plugin.manager.PaperPluginInstanceManager.enablePlugin(PaperPluginInstanceManager.java:202) ~[paper-1.21.8.jar:1.21.8-6-782ce95]
	at io.papermc.paper.plugin.manager.PaperPluginManagerImpl.enablePlugin(PaperPluginManagerImpl.java:109) ~[paper-1.21.8.jar:1.21.8-6-782ce95]
	at org.bukkit.plugin.SimplePluginManager.enablePlugin(SimplePluginManager.java:520) ~[paper-api-1.21.8-R0.1-SNAPSHOT.jar:?]
	at org.bukkit.craftbukkit.CraftServer.enablePlugin(CraftServer.java:651) ~[paper-1.21.8.jar:1.21.8-6-782ce95]
	at org.bukkit.craftbukkit.CraftServer.enablePlugins(CraftServer.java:607) ~[paper-1.21.8.jar:1.21.8-6-782ce95]
	at net.minecraft.server.MinecraftServer.loadWorld0(MinecraftServer.java:743) ~[paper-1.21.8.jar:1.21.8-6-782ce95]
	at net.minecraft.server.MinecraftServer.loadLevel(MinecraftServer.java:488) ~[paper-1.21.8.jar:1.21.8-6-782ce95]
	at net.minecraft.server.dedicated.DedicatedServer.initServer(DedicatedServer.java:280) ~[paper-1.21.8.jar:1.21.8-6-782ce95]
	at net.minecraft.server.MinecraftServer.runServer(MinecraftServer.java:1164) ~[paper-1.21.8.jar:1.21.8-6-782ce95]
	at net.minecraft.server.MinecraftServer.lambda$spin$2(MinecraftServer.java:310) ~[paper-1.21.8.jar:1.21.8-6-782ce95]
	at java.base/java.lang.Thread.run(Thread.java:1583) ~[?:?]
[14:25:47] [Server thread/ERROR]: Error occurred while enabling StaffPlus v3.3.14.2 (Is it up to date?)
java.lang.IllegalStateException: The plugin classloader for StaffPlus has thrown a zip file error.
	at org.bukkit.plugin.java.PluginClassLoader.findClass(PluginClassLoader.java:225) ~[paper-api-1.21.8-R0.1-SNAPSHOT.jar:?]
	at java.base/java.lang.ClassLoader.loadClass(ClassLoader.java:593) ~[?:?]
	at org.bukkit.plugin.java.PluginClassLoader.loadClass0(PluginClassLoader.java:177) ~[paper-api-1.21.8-R0.1-SNAPSHOT.jar:?]
	at org.bukkit.plugin.java.PluginClassLoader.loadClass(PluginClassLoader.java:172) ~[paper-api-1.21.8-R0.1-SNAPSHOT.jar:?]
	at java.base/java.lang.ClassLoader.loadClass(ClassLoader.java:526) ~[?:?]
	at Staff+.jar/net.shortninja.staffplus.StaffPlus.onEnable(StaffPlus.java:145) ~[Staff+.jar:?]
	at org.bukkit.plugin.java.JavaPlugin.setEnabled(JavaPlugin.java:280) ~[paper-api-1.21.8-R0.1-SNAPSHOT.jar:?]
	at io.papermc.paper.plugin.manager.PaperPluginInstanceManager.enablePlugin(PaperPluginInstanceManager.java:202) ~[paper-1.21.8.jar:1.21.8-6-782ce95]
	at io.papermc.paper.plugin.manager.PaperPluginManagerImpl.enablePlugin(PaperPluginManagerImpl.java:109) ~[paper-1.21.8.jar:1.21.8-6-782ce95]
	at org.bukkit.plugin.SimplePluginManager.enablePlugin(SimplePluginManager.java:520) ~[paper-api-1.21.8-R0.1-SNAPSHOT.jar:?]
	at org.bukkit.craftbukkit.CraftServer.enablePlugin(CraftServer.java:651) ~[paper-1.21.8.jar:1.21.8-6-782ce95]
	at org.bukkit.craftbukkit.CraftServer.enablePlugins(CraftServer.java:607) ~[paper-1.21.8.jar:1.21.8-6-782ce95]
	at net.minecraft.server.MinecraftServer.loadWorld0(MinecraftServer.java:743) ~[paper-1.21.8.jar:1.21.8-6-782ce95]
	at net.minecraft.server.MinecraftServer.loadLevel(MinecraftServer.java:488) ~[paper-1.21.8.jar:1.21.8-6-782ce95]
	at net.minecraft.server.dedicated.DedicatedServer.initServer(DedicatedServer.java:280) ~[paper-1.21.8.jar:1.21.8-6-782ce95]
	at net.minecraft.server.MinecraftServer.runServer(MinecraftServer.java:1164) ~[paper-1.21.8.jar:1.21.8-6-782ce95]
	at net.minecraft.server.MinecraftServer.lambda$spin$2(MinecraftServer.java:310) ~[paper-1.21.8.jar:1.21.8-6-782ce95]
	at java.base/java.lang.Thread.run(Thread.java:1583) ~[?:?]
Caused by: java.lang.IllegalStateException: zip file closed
	at java.base/java.util.zip.ZipFile.ensureOpen(ZipFile.java:846) ~[?:?]
	at java.base/java.util.zip.ZipFile.getEntry(ZipFile.java:338) ~[?:?]
	at java.base/java.util.jar.JarFile.getEntry(JarFile.java:517) ~[?:?]
	at java.base/java.util.jar.JarFile.getJarEntry(JarFile.java:472) ~[?:?]
	at org.bukkit.plugin.java.PluginClassLoader.findClass(PluginClassLoader.java:220) ~[paper-api-1.21.8-R0.1-SNAPSHOT.jar:?]
	... 17 more
[14:25:47] [Server thread/INFO]: [ConditionalEvents] Enabling ConditionalEvents v4.66.1
[14:25:47] [Server thread/INFO]: [PlaceholderAPI] Successfully registered internal expansion: conditionalevents [4.66.1]
[14:25:47] [Server thread/INFO]: [ConditionalEvents] Has been enabled! Version: 4.66.1
[14:25:47] [Server thread/INFO]: [ConditionalEvents] Thanks for using my plugin!   ~Ajneb97
[14:25:47] [Server thread/INFO]: There is a new version available. (4.67.1)
[14:25:47] [Server thread/INFO]: You can download it at: https://modrinth.com/plugin/conditionalevents
[14:25:47] [Server thread/INFO]: [AnimationsCore] Enabling AnimationsCore v0.1-SNAPSHOT
[14:25:47] [Server thread/WARN]: Plugin 'AnimationsCore' is creating timing 'Commands' - this is deprecated behavior, please report it to the authors: 
[14:25:47] [Server thread/INFO]: [AnimationsCore] [ACF] Enabled Asynchronous Tab Completion Support!
[14:25:47] [Server thread/WARN]: Plugin 'AnimationsCore' is creating timing 'Command: animation' - this is deprecated behavior, please report it to the authors: 
[14:25:47] [Server thread/INFO]: [spark] Starting background profiler...
[14:25:48] [Server thread/INFO]: [PlaceholderAPI] Placeholder expansion registration initializing...
[14:25:48] [Server thread/INFO]: Done preparing level "world" (5.188s)
[14:25:48] [Server thread/INFO]: Running delayed init tasks
[14:25:48] [Server thread/INFO]: 0 placeholder hook(s) registered!
[14:25:48] [Server thread/INFO]: Done (29.954s)! For help, type "help"
[14:25:48] [Server thread/INFO]: iMathias1 (/127.228.203.211:47927) lost connection: Disconnected
[14:25:48] [User Authenticator #0/INFO]: UUID of player iMathias1 is eb11368f-8c9b-358d-a35e-8a47f5499f8a
[14:26:15] [User Authenticator #0/INFO]: UUID of player iMathias1 is eb11368f-8c9b-358d-a35e-8a47f5499f8a
[14:26:15] [Server thread/INFO]: [HorriblePlayerLoginEventHack] You have plugins listening to the PlayerLoginEvent, this will cause re-configuration APIs to be unavailable: [SkinsRestorer, WorldGuard]
[14:26:26] [Server thread/INFO]: [AnimationsCore] [ACF] Can't read players locale, you will be unable to automatically detect players language. Only Bukkit 1.7+ is supported for this.
[14:26:26] [Server thread/INFO]: [AnimationsCore] [ACF] java.lang.NoSuchFieldException: locale
[14:26:26] [Server thread/INFO]: [AnimationsCore] [ACF] 	at java.base/java.lang.Class.getDeclaredField(Class.java:2782)
[14:26:26] [Server thread/INFO]: [AnimationsCore] [ACF] 	at io.papermc.reflectionrewriter.runtime.AbstractDefaultRulesReflectionProxy.getDeclaredField(AbstractDefaultRulesReflectionProxy.java:90)
[14:26:26] [Server thread/INFO]: [AnimationsCore] [ACF] 	at io.papermc.paper.pluginremap.reflect.PaperReflectionHolder.getDeclaredField(Unknown Source)
[14:26:26] [Server thread/INFO]: [AnimationsCore] [ACF] 	at AnimationCore-1.1.jar//shadded.acf.BukkitCommandManager.readPlayerLocale(BukkitCommandManager.java:314)
[14:26:26] [Server thread/INFO]: [AnimationsCore] [ACF] 	at AnimationCore-1.1.jar//shadded.acf.ACFBukkitListener.onPlayerJoin(ACFBukkitListener.java:54)
[14:26:26] [Server thread/INFO]: [AnimationsCore] [ACF] 	at co.aikar.timings.TimedEventExecutor.execute(TimedEventExecutor.java:80)
[14:26:26] [Server thread/INFO]: [AnimationsCore] [ACF] 	at org.bukkit.plugin.RegisteredListener.callEvent(RegisteredListener.java:71)
[14:26:26] [Server thread/INFO]: [AnimationsCore] [ACF] 	at io.papermc.paper.plugin.manager.PaperEventManager.callEvent(PaperEventManager.java:54)
[14:26:26] [Server thread/INFO]: [AnimationsCore] [ACF] 	at io.papermc.paper.plugin.manager.PaperPluginManagerImpl.callEvent(PaperPluginManagerImpl.java:131)
[14:26:26] [Server thread/INFO]: [AnimationsCore] [ACF] 	at org.bukkit.plugin.SimplePluginManager.callEvent(SimplePluginManager.java:628)
[14:26:26] [Server thread/INFO]: [AnimationsCore] [ACF] 	at net.minecraft.server.players.PlayerList.placeNewPlayer(PlayerList.java:332)
[14:26:26] [Server thread/INFO]: [AnimationsCore] [ACF] 	at net.minecraft.server.network.ServerConfigurationPacketListenerImpl.handleConfigurationFinished(ServerConfigurationPacketListenerImpl.java:185)
[14:26:26] [Server thread/INFO]: [AnimationsCore] [ACF] 	at net.minecraft.network.protocol.configuration.ServerboundFinishConfigurationPacket.handle(ServerboundFinishConfigurationPacket.java:22)
[14:26:26] [Server thread/INFO]: [AnimationsCore] [ACF] 	at net.minecraft.network.protocol.configuration.ServerboundFinishConfigurationPacket.handle(ServerboundFinishConfigurationPacket.java:8)
[14:26:26] [Server thread/INFO]: [AnimationsCore] [ACF] 	at net.minecraft.network.protocol.PacketUtils.lambda$ensureRunningOnSameThread$0(PacketUtils.java:29)
[14:26:26] [Server thread/INFO]: [AnimationsCore] [ACF] 	at net.minecraft.server.TickTask.run(TickTask.java:18)
[14:26:26] [Server thread/INFO]: [AnimationsCore] [ACF] 	at net.minecraft.util.thread.BlockableEventLoop.doRunTask(BlockableEventLoop.java:155)
[14:26:26] [Server thread/INFO]: [AnimationsCore] [ACF] 	at net.minecraft.util.thread.ReentrantBlockableEventLoop.doRunTask(ReentrantBlockableEventLoop.java:24)
[14:26:26] [Server thread/INFO]: [AnimationsCore] [ACF] 	at net.minecraft.server.MinecraftServer.doRunTask(MinecraftServer.java:1449)
[14:26:26] [Server thread/INFO]: [AnimationsCore] [ACF] 	at net.minecraft.server.MinecraftServer.doRunTask(MinecraftServer.java:176)
[14:26:26] [Server thread/INFO]: [AnimationsCore] [ACF] 	at net.minecraft.util.thread.BlockableEventLoop.pollTask(BlockableEventLoop.java:129)
[14:26:26] [Server thread/INFO]: [AnimationsCore] [ACF] 	at net.minecraft.server.MinecraftServer.pollTaskInternal(MinecraftServer.java:1429)
[14:26:26] [Server thread/INFO]: [AnimationsCore] [ACF] 	at net.minecraft.server.MinecraftServer.pollTask(MinecraftServer.java:1423)
[14:26:26] [Server thread/INFO]: [AnimationsCore] [ACF] 	at net.minecraft.util.thread.BlockableEventLoop.managedBlock(BlockableEventLoop.java:139)
[14:26:26] [Server thread/INFO]: [AnimationsCore] [ACF] 	at net.minecraft.server.MinecraftServer.managedBlock(MinecraftServer.java:1380)
[14:26:26] [Server thread/INFO]: [AnimationsCore] [ACF] 	at net.minecraft.server.MinecraftServer.waitUntilNextTick(MinecraftServer.java:1388)
[14:26:26] [Server thread/INFO]: [AnimationsCore] [ACF] 	at net.minecraft.server.MinecraftServer.runServer(MinecraftServer.java:1265)
[14:26:26] [Server thread/INFO]: [AnimationsCore] [ACF] 	at net.minecraft.server.MinecraftServer.lambda$spin$2(MinecraftServer.java:310)
[14:26:26] [Server thread/INFO]: [AnimationsCore] [ACF] 	at java.base/java.lang.Thread.run(Thread.java:1583)
[14:26:26] [Server thread/INFO]: iMathias1 joined the game
[14:26:26] [Server thread/INFO]: iMathias1[/127.228.203.211:38961] logged in with entity id 22 at ([world]-7.5, 87.0, -8.5)
[14:26:44] [Server thread/INFO]: iMathias1 issued server command: /time
[14:26:47] [Server thread/INFO]: Made iMathias1 a server operator
[14:26:52] [Server thread/INFO]: iMathias1 issued server command: /time set 0
[14:26:52] [Server thread/INFO]: [iMathias1: Set the time to 0]
[14:26:58] [Server thread/INFO]: iMathias1 issued server command: /difficulty peaceful
[14:27:15] [Server thread/INFO]: iMathias1 issued server command: /function cpala_waitingscreen:_cmd/points/show
[14:27:15] [Server thread/INFO]: [iMathias1: Running function cpala_waitingscreen:_cmd/points/show]
[14:27:20] [User Authenticator #1/INFO]: UUID of player iAnderson1 is 934be25d-4c10-36af-91ba-4e1c47e28858
[14:27:21] [Server thread/INFO]: [iMathias1: Set own game mode to Creative Mode]
[14:27:30] [Server thread/INFO]: iMathias1 issued server command: /function cpala_waitingscreen:_cmd/points/show
[14:27:30] [Server thread/INFO]: [iMathias1: Running function cpala_waitingscreen:_cmd/points/show]
[14:27:36] [Server thread/INFO]: iAnderson1 joined the game
[14:27:36] [Server thread/INFO]: iAnderson1[/127.228.203.211:37965] logged in with entity id 237 at ([world]-140.43719577623546, 37.0, 71.33409018517901)
[14:27:42] [Server thread/INFO]: iMathias1 issued server command: /tp iAnderson1 @s
[14:27:42] [Server thread/INFO]: [iMathias1: Teleported iAnderson1 to iMathias1]
[14:27:44] [Server thread/INFO]: iMathias1 issued server command: /deop iAnderson1
[14:27:44] [Server thread/INFO]: [iMathias1: Made iAnderson1 no longer a server operator]
[14:27:47] [Server thread/INFO]: iMathias1 issued server command: /clear iAnderson1
[14:27:47] [Server thread/INFO]: [iMathias1: Removed 65 item(s) from player iAnderson1]
[14:27:57] [Server thread/INFO]: iMathias1 issued server command: /skin set luvismi
[14:28:01] [Server thread/INFO]: iMathias1 issued server command: /skin set Luvismi
[14:28:08] [Server thread/INFO]: iMathias1 issued server command: /skin set cat122112
[14:28:22] [Server thread/INFO]: iMathias1 issued server command: /gamemode survival iAnderson1
[14:28:22] [Server thread/INFO]: [iMathias1: Set iAnderson1's game mode to Survival Mode]
[14:28:28] [Server thread/INFO]: iMathias1 issued server command: /tp iAnderson1 @s
[14:28:28] [Server thread/INFO]: [iMathias1: Teleported iAnderson1 to iMathias1]
[14:28:30] [Server thread/INFO]: iMathias1 issued server command: /tp iAnderson1 @s
[14:28:30] [Server thread/INFO]: [iMathias1: Teleported iAnderson1 to iMathias1]
[14:28:58] [Server thread/INFO]: iMathias1 issued server command: /function cpala_waitingscreen:_cmd/show_wait_screen
[14:28:58] [Server thread/INFO]: [iMathias1: Running function cpala_waitingscreen:_cmd/show_wait_screen]
[14:30:04] [User Authenticator #2/INFO]: UUID of player iEileen1 is efcfd384-d94c-3f71-b1df-80f0be05918d
[14:30:41] [Server thread/INFO]: iEileen1 joined the game
[14:30:41] [Server thread/INFO]: iEileen1[/127.228.203.211:57819] logged in with entity id 343 at ([world]-9.5, 84.0, -5.5)
[14:31:09] [Server thread/INFO]: iMathias1 issued server command: /tp @a @s
[14:31:09] [Server thread/INFO]: [iMathias1: Teleported 3 entities to iMathias1]
[14:31:12] [Server thread/INFO]: iMathias1 issued server command: /function cpala_waitingscreen:_cmd/hide_wait_screen
[14:31:12] [Server thread/INFO]: [iMathias1: Running function cpala_waitingscreen:_cmd/hide_wait_screen]
[14:31:32] [Server thread/INFO]: iMathias1 issued server command: /function cpala_waitingscreen:_cmd/hide_wait_screen
[14:31:32] [Server thread/INFO]: [iMathias1: Running function cpala_waitingscreen:_cmd/hide_wait_screen]
[14:31:33] [Server thread/INFO]: iMathias1 issued server command: /tp @a @s
[14:31:33] [Server thread/INFO]: [iMathias1: Teleported 3 entities to iMathias1]
[14:31:39] [Server thread/INFO]: iMathias1 issued server command: /tp @a @s
[14:31:39] [Server thread/INFO]: [iMathias1: Teleported 3 entities to iMathias1]
[14:31:41] [Server thread/INFO]: iMathias1 issued server command: /tp @a @s
[14:31:41] [Server thread/INFO]: [iMathias1: Teleported 3 entities to iMathias1]
[14:31:50] [Server thread/INFO]: iMathias1 issued server command: /effect give @a minecraft:slowness infinite 255 true
[14:31:50] [Server thread/INFO]: [iMathias1: Applied effect Slowness to 3 targets]
[14:31:56] [Server thread/INFO]: iMathias1 issued server command: /tp @a @s
[14:31:56] [Server thread/INFO]: [iMathias1: Teleported 3 entities to iMathias1]
[14:31:58] [Server thread/INFO]: [iMathias1: Set own game mode to Spectator Mode]
[14:31:59] [Server thread/INFO]: [iMathias1: Set own game mode to Creative Mode]
[14:32:35] [Server thread/INFO]: iMathias1 issued server command: /region define spawn
[14:32:39] [Server thread/INFO]: iMathias1 issued server command: /region define aaa
[14:33:39] [Server thread/INFO]: iMathias1 issued server command: /worldguard
[14:33:50] [Server thread/INFO]: iMathias1 issued server command: /tp @a @s
[14:33:50] [Server thread/INFO]: [iMathias1: Teleported 3 entities to iMathias1]
[14:33:53] [Server thread/INFO]: iMathias1 issued server command: /clear iEileen1
[14:34:28] [Server thread/INFO]: iMathias1 issued server command: /kill
[14:34:28] [Server thread/INFO]: iMathias1 was killed
[14:34:28] [Server thread/INFO]: [iMathias1: Killed iMathias1]
[14:34:46] [Server thread/INFO]: iMathias1 issued server command: /deop IloveStiven_
[14:34:46] [Server thread/INFO]: [iMathias1: Made IloveStiven_ no longer a server operator]
[14:35:11] [Server thread/INFO]: iMathias1 issued server command: /tp @a @s
[14:35:11] [Server thread/INFO]: [iMathias1: Teleported 3 entities to iMathias1]
[14:35:16] [Server thread/INFO]: iMathias1 issued server command: /function cpalawshow:life_system/set_heart/10
[14:35:16] [Server thread/INFO]: [iMathias1: Running function cpalawshow:life_system/set_heart/10]
[14:35:18] [Server thread/INFO]: [iMathias1: Set own game mode to Survival Mode]
[14:35:28] [Server thread/INFO]: iAnderson1 issued server command: /skin set sofia
[14:35:30] [Server thread/INFO]: iMathias1 issued server command: /cinematic load dungeon
[14:35:40] [Server thread/INFO]: iMathias1 issued server command: /cinematic play dungeon all
[14:35:44] [Server thread/INFO]: iMathias1 issued server command: /cinematic play dungeon all
[14:35:47] [Server thread/INFO]: [iMathias1: Set own game mode to Creative Mode]
[14:36:01] [Server thread/INFO]: iMathias1 issued server command: /cinematic rec
[14:36:03] [Server thread/INFO]: iAnderson1 issued server command: /skin set cat
[14:36:05] [Server thread/INFO]: iMathias1 issued server command: /cinematic rec 10
[14:36:28] [Server thread/INFO]: iMathias1 issued server command: /cinematic rec 10
[14:36:43] [Server thread/INFO]: iEileen1 issued server command: /skin set chica
[14:36:49] [Server thread/INFO]: iMathias1 issued server command: /cinematic save spawn
[14:36:54] [Server thread/INFO]: iMathias1 issued server command: /cinematic play spawn all
[14:36:58] [Server thread/WARN]: iAnderson1 was kicked for floating too long!
[14:36:58] [Server thread/INFO]: iAnderson1 lost connection: Flying is not enabled on this server
[14:36:58] [Server thread/INFO]: iAnderson1 left the game
[14:37:29] [User Authenticator #3/INFO]: UUID of player iAnderson1 is 934be25d-4c10-36af-91ba-4e1c47e28858
[14:37:35] [Server thread/INFO]: iMathias1 issued server command: /time set day
[14:37:35] [Server thread/INFO]: [iMathias1: Set the time to 1000]
[14:37:37] [Server thread/INFO]: iMathias1 issued server command: /time set 0
[14:37:37] [Server thread/INFO]: [iMathias1: Set the time to 0]
[14:37:43] [Server thread/INFO]: iMathias1 issued server command: /tp iEileen1 @s
[14:37:43] [Server thread/INFO]: [iMathias1: Teleported iEileen1 to iMathias1]
[14:37:48] [Server thread/INFO]: iMathias1 issued server command: /effect clear @a
[14:37:48] [Server thread/INFO]: [iMathias1: Removed every effect from 2 targets]
[14:38:03] [Server thread/INFO]: iMathias1 issued server command: /cinematic rec 20
[14:38:03] [Server thread/INFO]: com.mojang.authlib.GameProfile@178662d3[id=934be25d-4c10-36af-91ba-4e1c47e28858,name=iAnderson1,properties={textures=[Property[name=textures, value=ewogICJ0aW1lc3RhbXAiIDogMTc1NjczNzM2MzU4NSwKICAicHJvZmlsZUlkIiA6ICJmMGRkMjg3NzlhZWQ0NzFmYmE0NTA3Njc0YzBlOWY4ZSIsCiAgInByb2ZpbGVOYW1lIiA6ICJjYXQiLAogICJzaWduYXR1cmVSZXF1aXJlZCIgOiB0cnVlLAogICJ0ZXh0dXJlcyIgOiB7CiAgICAiU0tJTiIgOiB7CiAgICAgICJ1cmwiIDogImh0dHA6Ly90ZXh0dXJlcy5taW5lY3JhZnQubmV0L3RleHR1cmUvYWJiZTIyMmVmYzZmYWZjMTkyYWY4NTY0MTZjOTFkMzMxNmE0ZmQ1ODlkNTBlNTFkZTdhNTcwMjQ4NDgyOWE3ZiIsCiAgICAgICJtZXRhZGF0YSIgOiB7CiAgICAgICAgIm1vZGVsIiA6ICJzbGltIgogICAgICB9CiAgICB9CiAgfQp9, signature=DdFxd4+YSSd/NdTGX9VKDx+rmLs69NuCrkfnN45mmW9ZRdhHXjDz8Mld+L4wgsqh77FDg6My+0pC9nD4WZZjeR7rI8H6LajXHAXIkbFm4eMk2ppXwQeH1udKDBE8hZRvRRwwCnV7btxVMBu7O/RL8bwkKsbpAtS4686sZxNfeT3tdDR/MeaibTZsxy7GkSsGcjK8nHu71LAI9UJwLtzFNKNbqsqSyYh3ExMmpB3dWPtiOcJoxz/SSYX6A4vwIZlcR+Vqtn374MAlZa81XCr8AHwnUUoNLuDzcImpDz8uQNpaAl8tCfOyKB8ewncoQHh3lXzjddsZEj0MBFWIW1FaUUIJW+3gxqOv1/+SieldIY7aFueDBaIG+IYzr4gTMSUDGXbu+UZ7N1BIQGtvaTXI/3wAWjBaa1eQ9GdF8AsE1k5rmncepCxWdl7VEM9fyMuATUl0x3m1c8pWvJ70YeZF1J/gKz5aXvTtRIqXQQuph3SpqAGmvkADdeitaWU4hzoWrBLGlK+D9eDfUlSozuohBMQwhkW8nODQ0jReUW3yoYpbCWOHyTErxBEauc0j7xMz6CMmA/v7xDZ1Y1lRKZcaWcVOksd9m7HrpOFbJBgvqfUh+7bwBEhfu9Cxg5GDiOcUYi06RuO5pBmiEY/eEwsUTzifVLY54/9MA1jHvD7BYz4=]]}] lost connection: Disconnected
[14:38:08] [User Authenticator #3/INFO]: UUID of player iAnderson1 is 934be25d-4c10-36af-91ba-4e1c47e28858
[14:38:22] [Server thread/INFO]: com.mojang.authlib.GameProfile@4feb7029[id=934be25d-4c10-36af-91ba-4e1c47e28858,name=iAnderson1,properties={textures=[Property[name=textures, value=ewogICJ0aW1lc3RhbXAiIDogMTc1NjczNzM2MzU4NSwKICAicHJvZmlsZUlkIiA6ICJmMGRkMjg3NzlhZWQ0NzFmYmE0NTA3Njc0YzBlOWY4ZSIsCiAgInByb2ZpbGVOYW1lIiA6ICJjYXQiLAogICJzaWduYXR1cmVSZXF1aXJlZCIgOiB0cnVlLAogICJ0ZXh0dXJlcyIgOiB7CiAgICAiU0tJTiIgOiB7CiAgICAgICJ1cmwiIDogImh0dHA6Ly90ZXh0dXJlcy5taW5lY3JhZnQubmV0L3RleHR1cmUvYWJiZTIyMmVmYzZmYWZjMTkyYWY4NTY0MTZjOTFkMzMxNmE0ZmQ1ODlkNTBlNTFkZTdhNTcwMjQ4NDgyOWE3ZiIsCiAgICAgICJtZXRhZGF0YSIgOiB7CiAgICAgICAgIm1vZGVsIiA6ICJzbGltIgogICAgICB9CiAgICB9CiAgfQp9, signature=DdFxd4+YSSd/NdTGX9VKDx+rmLs69NuCrkfnN45mmW9ZRdhHXjDz8Mld+L4wgsqh77FDg6My+0pC9nD4WZZjeR7rI8H6LajXHAXIkbFm4eMk2ppXwQeH1udKDBE8hZRvRRwwCnV7btxVMBu7O/RL8bwkKsbpAtS4686sZxNfeT3tdDR/MeaibTZsxy7GkSsGcjK8nHu71LAI9UJwLtzFNKNbqsqSyYh3ExMmpB3dWPtiOcJoxz/SSYX6A4vwIZlcR+Vqtn374MAlZa81XCr8AHwnUUoNLuDzcImpDz8uQNpaAl8tCfOyKB8ewncoQHh3lXzjddsZEj0MBFWIW1FaUUIJW+3gxqOv1/+SieldIY7aFueDBaIG+IYzr4gTMSUDGXbu+UZ7N1BIQGtvaTXI/3wAWjBaa1eQ9GdF8AsE1k5rmncepCxWdl7VEM9fyMuATUl0x3m1c8pWvJ70YeZF1J/gKz5aXvTtRIqXQQuph3SpqAGmvkADdeitaWU4hzoWrBLGlK+D9eDfUlSozuohBMQwhkW8nODQ0jReUW3yoYpbCWOHyTErxBEauc0j7xMz6CMmA/v7xDZ1Y1lRKZcaWcVOksd9m7HrpOFbJBgvqfUh+7bwBEhfu9Cxg5GDiOcUYi06RuO5pBmiEY/eEwsUTzifVLY54/9MA1jHvD7BYz4=]]}] lost connection: Disconnected
[14:38:32] [User Authenticator #3/INFO]: UUID of player iAnderson1 is 934be25d-4c10-36af-91ba-4e1c47e28858
[14:38:33] [Server thread/INFO]: iMathias1 issued server command: /cinematic save dungeon
[14:38:40] [Server thread/INFO]: iMathias1 issued server command: /cinematic play dungeon all
[14:38:55] [Server thread/INFO]: com.mojang.authlib.GameProfile@1719515e[id=934be25d-4c10-36af-91ba-4e1c47e28858,name=iAnderson1,properties={textures=[Property[name=textures, value=ewogICJ0aW1lc3RhbXAiIDogMTc1NjczNzM2MzU4NSwKICAicHJvZmlsZUlkIiA6ICJmMGRkMjg3NzlhZWQ0NzFmYmE0NTA3Njc0YzBlOWY4ZSIsCiAgInByb2ZpbGVOYW1lIiA6ICJjYXQiLAogICJzaWduYXR1cmVSZXF1aXJlZCIgOiB0cnVlLAogICJ0ZXh0dXJlcyIgOiB7CiAgICAiU0tJTiIgOiB7CiAgICAgICJ1cmwiIDogImh0dHA6Ly90ZXh0dXJlcy5taW5lY3JhZnQubmV0L3RleHR1cmUvYWJiZTIyMmVmYzZmYWZjMTkyYWY4NTY0MTZjOTFkMzMxNmE0ZmQ1ODlkNTBlNTFkZTdhNTcwMjQ4NDgyOWE3ZiIsCiAgICAgICJtZXRhZGF0YSIgOiB7CiAgICAgICAgIm1vZGVsIiA6ICJzbGltIgogICAgICB9CiAgICB9CiAgfQp9, signature=DdFxd4+YSSd/NdTGX9VKDx+rmLs69NuCrkfnN45mmW9ZRdhHXjDz8Mld+L4wgsqh77FDg6My+0pC9nD4WZZjeR7rI8H6LajXHAXIkbFm4eMk2ppXwQeH1udKDBE8hZRvRRwwCnV7btxVMBu7O/RL8bwkKsbpAtS4686sZxNfeT3tdDR/MeaibTZsxy7GkSsGcjK8nHu71LAI9UJwLtzFNKNbqsqSyYh3ExMmpB3dWPtiOcJoxz/SSYX6A4vwIZlcR+Vqtn374MAlZa81XCr8AHwnUUoNLuDzcImpDz8uQNpaAl8tCfOyKB8ewncoQHh3lXzjddsZEj0MBFWIW1FaUUIJW+3gxqOv1/+SieldIY7aFueDBaIG+IYzr4gTMSUDGXbu+UZ7N1BIQGtvaTXI/3wAWjBaa1eQ9GdF8AsE1k5rmncepCxWdl7VEM9fyMuATUl0x3m1c8pWvJ70YeZF1J/gKz5aXvTtRIqXQQuph3SpqAGmvkADdeitaWU4hzoWrBLGlK+D9eDfUlSozuohBMQwhkW8nODQ0jReUW3yoYpbCWOHyTErxBEauc0j7xMz6CMmA/v7xDZ1Y1lRKZcaWcVOksd9m7HrpOFbJBgvqfUh+7bwBEhfu9Cxg5GDiOcUYi06RuO5pBmiEY/eEwsUTzifVLY54/9MA1jHvD7BYz4=]]}] lost connection: Disconnected
[14:38:57] [User Authenticator #3/INFO]: UUID of player iAnderson1 is 934be25d-4c10-36af-91ba-4e1c47e28858
[14:39:46] [Server thread/INFO]: iMathias1 issued server command: /tp iEileen1
[14:39:46] [Server thread/INFO]: [iMathias1: Teleported iMathias1 to iEileen1]
[14:39:49] [Server thread/INFO]: [iMathias1: Set own game mode to Spectator Mode]
[14:39:53] [Server thread/INFO]: iMathias1 issued server command: /tp @a @s
[14:39:53] [Server thread/INFO]: [iMathias1: Teleported 2 entities to iMathias1]
[14:39:54] [Server thread/INFO]: [iMathias1: Set own game mode to Creative Mode]
[14:40:04] [Server thread/INFO]: com.mojang.authlib.GameProfile@77ca6e1a[id=934be25d-4c10-36af-91ba-4e1c47e28858,name=iAnderson1,properties={textures=[Property[name=textures, value=ewogICJ0aW1lc3RhbXAiIDogMTc1NjczNzM2MzU4NSwKICAicHJvZmlsZUlkIiA6ICJmMGRkMjg3NzlhZWQ0NzFmYmE0NTA3Njc0YzBlOWY4ZSIsCiAgInByb2ZpbGVOYW1lIiA6ICJjYXQiLAogICJzaWduYXR1cmVSZXF1aXJlZCIgOiB0cnVlLAogICJ0ZXh0dXJlcyIgOiB7CiAgICAiU0tJTiIgOiB7CiAgICAgICJ1cmwiIDogImh0dHA6Ly90ZXh0dXJlcy5taW5lY3JhZnQubmV0L3RleHR1cmUvYWJiZTIyMmVmYzZmYWZjMTkyYWY4NTY0MTZjOTFkMzMxNmE0ZmQ1ODlkNTBlNTFkZTdhNTcwMjQ4NDgyOWE3ZiIsCiAgICAgICJtZXRhZGF0YSIgOiB7CiAgICAgICAgIm1vZGVsIiA6ICJzbGltIgogICAgICB9CiAgICB9CiAgfQp9, signature=DdFxd4+YSSd/NdTGX9VKDx+rmLs69NuCrkfnN45mmW9ZRdhHXjDz8Mld+L4wgsqh77FDg6My+0pC9nD4WZZjeR7rI8H6LajXHAXIkbFm4eMk2ppXwQeH1udKDBE8hZRvRRwwCnV7btxVMBu7O/RL8bwkKsbpAtS4686sZxNfeT3tdDR/MeaibTZsxy7GkSsGcjK8nHu71LAI9UJwLtzFNKNbqsqSyYh3ExMmpB3dWPtiOcJoxz/SSYX6A4vwIZlcR+Vqtn374MAlZa81XCr8AHwnUUoNLuDzcImpDz8uQNpaAl8tCfOyKB8ewncoQHh3lXzjddsZEj0MBFWIW1FaUUIJW+3gxqOv1/+SieldIY7aFueDBaIG+IYzr4gTMSUDGXbu+UZ7N1BIQGtvaTXI/3wAWjBaa1eQ9GdF8AsE1k5rmncepCxWdl7VEM9fyMuATUl0x3m1c8pWvJ70YeZF1J/gKz5aXvTtRIqXQQuph3SpqAGmvkADdeitaWU4hzoWrBLGlK+D9eDfUlSozuohBMQwhkW8nODQ0jReUW3yoYpbCWOHyTErxBEauc0j7xMz6CMmA/v7xDZ1Y1lRKZcaWcVOksd9m7HrpOFbJBgvqfUh+7bwBEhfu9Cxg5GDiOcUYi06RuO5pBmiEY/eEwsUTzifVLY54/9MA1jHvD7BYz4=]]}] lost connection: Disconnected
[14:40:07] [User Authenticator #4/INFO]: UUID of player iAnderson1 is 934be25d-4c10-36af-91ba-4e1c47e28858
[14:40:24] [Server thread/INFO]: com.mojang.authlib.GameProfile@9def4a5[id=934be25d-4c10-36af-91ba-4e1c47e28858,name=iAnderson1,properties={textures=[Property[name=textures, value=ewogICJ0aW1lc3RhbXAiIDogMTc1NjczNzM2MzU4NSwKICAicHJvZmlsZUlkIiA6ICJmMGRkMjg3NzlhZWQ0NzFmYmE0NTA3Njc0YzBlOWY4ZSIsCiAgInByb2ZpbGVOYW1lIiA6ICJjYXQiLAogICJzaWduYXR1cmVSZXF1aXJlZCIgOiB0cnVlLAogICJ0ZXh0dXJlcyIgOiB7CiAgICAiU0tJTiIgOiB7CiAgICAgICJ1cmwiIDogImh0dHA6Ly90ZXh0dXJlcy5taW5lY3JhZnQubmV0L3RleHR1cmUvYWJiZTIyMmVmYzZmYWZjMTkyYWY4NTY0MTZjOTFkMzMxNmE0ZmQ1ODlkNTBlNTFkZTdhNTcwMjQ4NDgyOWE3ZiIsCiAgICAgICJtZXRhZGF0YSIgOiB7CiAgICAgICAgIm1vZGVsIiA6ICJzbGltIgogICAgICB9CiAgICB9CiAgfQp9, signature=DdFxd4+YSSd/NdTGX9VKDx+rmLs69NuCrkfnN45mmW9ZRdhHXjDz8Mld+L4wgsqh77FDg6My+0pC9nD4WZZjeR7rI8H6LajXHAXIkbFm4eMk2ppXwQeH1udKDBE8hZRvRRwwCnV7btxVMBu7O/RL8bwkKsbpAtS4686sZxNfeT3tdDR/MeaibTZsxy7GkSsGcjK8nHu71LAI9UJwLtzFNKNbqsqSyYh3ExMmpB3dWPtiOcJoxz/SSYX6A4vwIZlcR+Vqtn374MAlZa81XCr8AHwnUUoNLuDzcImpDz8uQNpaAl8tCfOyKB8ewncoQHh3lXzjddsZEj0MBFWIW1FaUUIJW+3gxqOv1/+SieldIY7aFueDBaIG+IYzr4gTMSUDGXbu+UZ7N1BIQGtvaTXI/3wAWjBaa1eQ9GdF8AsE1k5rmncepCxWdl7VEM9fyMuATUl0x3m1c8pWvJ70YeZF1J/gKz5aXvTtRIqXQQuph3SpqAGmvkADdeitaWU4hzoWrBLGlK+D9eDfUlSozuohBMQwhkW8nODQ0jReUW3yoYpbCWOHyTErxBEauc0j7xMz6CMmA/v7xDZ1Y1lRKZcaWcVOksd9m7HrpOFbJBgvqfUh+7bwBEhfu9Cxg5GDiOcUYi06RuO5pBmiEY/eEwsUTzifVLY54/9MA1jHvD7BYz4=]]}] lost connection: Disconnected
[14:40:28] [User Authenticator #4/INFO]: UUID of player iAnderson1 is 934be25d-4c10-36af-91ba-4e1c47e28858
[14:42:26] [Server thread/INFO]: iMathias1 issued server command: /summon minecraft:lightning_bolt
[14:42:26] [Server thread/INFO]: [iMathias1: Summoned new Lightning Bolt]
[14:43:05] [Server thread/INFO]: iMathias1 issued server command: /summon lighting_bolt
[14:43:21] [Server thread/INFO]: com.mojang.authlib.GameProfile@3cbd7b53[id=934be25d-4c10-36af-91ba-4e1c47e28858,name=iAnderson1,properties={textures=[Property[name=textures, value=ewogICJ0aW1lc3RhbXAiIDogMTc1NjczNzM2MzU4NSwKICAicHJvZmlsZUlkIiA6ICJmMGRkMjg3NzlhZWQ0NzFmYmE0NTA3Njc0YzBlOWY4ZSIsCiAgInByb2ZpbGVOYW1lIiA6ICJjYXQiLAogICJzaWduYXR1cmVSZXF1aXJlZCIgOiB0cnVlLAogICJ0ZXh0dXJlcyIgOiB7CiAgICAiU0tJTiIgOiB7CiAgICAgICJ1cmwiIDogImh0dHA6Ly90ZXh0dXJlcy5taW5lY3JhZnQubmV0L3RleHR1cmUvYWJiZTIyMmVmYzZmYWZjMTkyYWY4NTY0MTZjOTFkMzMxNmE0ZmQ1ODlkNTBlNTFkZTdhNTcwMjQ4NDgyOWE3ZiIsCiAgICAgICJtZXRhZGF0YSIgOiB7CiAgICAgICAgIm1vZGVsIiA6ICJzbGltIgogICAgICB9CiAgICB9CiAgfQp9, signature=DdFxd4+YSSd/NdTGX9VKDx+rmLs69NuCrkfnN45mmW9ZRdhHXjDz8Mld+L4wgsqh77FDg6My+0pC9nD4WZZjeR7rI8H6LajXHAXIkbFm4eMk2ppXwQeH1udKDBE8hZRvRRwwCnV7btxVMBu7O/RL8bwkKsbpAtS4686sZxNfeT3tdDR/MeaibTZsxy7GkSsGcjK8nHu71LAI9UJwLtzFNKNbqsqSyYh3ExMmpB3dWPtiOcJoxz/SSYX6A4vwIZlcR+Vqtn374MAlZa81XCr8AHwnUUoNLuDzcImpDz8uQNpaAl8tCfOyKB8ewncoQHh3lXzjddsZEj0MBFWIW1FaUUIJW+3gxqOv1/+SieldIY7aFueDBaIG+IYzr4gTMSUDGXbu+UZ7N1BIQGtvaTXI/3wAWjBaa1eQ9GdF8AsE1k5rmncepCxWdl7VEM9fyMuATUl0x3m1c8pWvJ70YeZF1J/gKz5aXvTtRIqXQQuph3SpqAGmvkADdeitaWU4hzoWrBLGlK+D9eDfUlSozuohBMQwhkW8nODQ0jReUW3yoYpbCWOHyTErxBEauc0j7xMz6CMmA/v7xDZ1Y1lRKZcaWcVOksd9m7HrpOFbJBgvqfUh+7bwBEhfu9Cxg5GDiOcUYi06RuO5pBmiEY/eEwsUTzifVLY54/9MA1jHvD7BYz4=]]}] lost connection: Disconnected
[14:43:26] [Server thread/INFO]: iMathias1 issued server command: /summon minecraft:lightning_bolt
[14:43:26] [Server thread/INFO]: [iMathias1: Summoned new Lightning Bolt]
[14:43:29] [Server thread/INFO]: iMathias1 issued server command: /summon minecraft:lightning_bolt
[14:43:29] [Server thread/INFO]: [iMathias1: Summoned new Lightning Bolt]
[14:43:29] [Server thread/INFO]: iMathias1 issued server command: /summon minecraft:lightning_bolt
[14:43:29] [Server thread/INFO]: [iMathias1: Summoned new Lightning Bolt]
[14:43:29] [Server thread/INFO]: iMathias1 issued server command: /summon minecraft:lightning_bolt
[14:43:29] [Server thread/INFO]: [iMathias1: Summoned new Lightning Bolt]
[14:43:42] [User Authenticator #5/INFO]: UUID of player iAnderson1 is 934be25d-4c10-36af-91ba-4e1c47e28858
[14:43:56] [Server thread/INFO]: com.mojang.authlib.GameProfile@12ffa197[id=934be25d-4c10-36af-91ba-4e1c47e28858,name=iAnderson1,properties={textures=[Property[name=textures, value=ewogICJ0aW1lc3RhbXAiIDogMTc1NjczNzM2MzU4NSwKICAicHJvZmlsZUlkIiA6ICJmMGRkMjg3NzlhZWQ0NzFmYmE0NTA3Njc0YzBlOWY4ZSIsCiAgInByb2ZpbGVOYW1lIiA6ICJjYXQiLAogICJzaWduYXR1cmVSZXF1aXJlZCIgOiB0cnVlLAogICJ0ZXh0dXJlcyIgOiB7CiAgICAiU0tJTiIgOiB7CiAgICAgICJ1cmwiIDogImh0dHA6Ly90ZXh0dXJlcy5taW5lY3JhZnQubmV0L3RleHR1cmUvYWJiZTIyMmVmYzZmYWZjMTkyYWY4NTY0MTZjOTFkMzMxNmE0ZmQ1ODlkNTBlNTFkZTdhNTcwMjQ4NDgyOWE3ZiIsCiAgICAgICJtZXRhZGF0YSIgOiB7CiAgICAgICAgIm1vZGVsIiA6ICJzbGltIgogICAgICB9CiAgICB9CiAgfQp9, signature=DdFxd4+YSSd/NdTGX9VKDx+rmLs69NuCrkfnN45mmW9ZRdhHXjDz8Mld+L4wgsqh77FDg6My+0pC9nD4WZZjeR7rI8H6LajXHAXIkbFm4eMk2ppXwQeH1udKDBE8hZRvRRwwCnV7btxVMBu7O/RL8bwkKsbpAtS4686sZxNfeT3tdDR/MeaibTZsxy7GkSsGcjK8nHu71LAI9UJwLtzFNKNbqsqSyYh3ExMmpB3dWPtiOcJoxz/SSYX6A4vwIZlcR+Vqtn374MAlZa81XCr8AHwnUUoNLuDzcImpDz8uQNpaAl8tCfOyKB8ewncoQHh3lXzjddsZEj0MBFWIW1FaUUIJW+3gxqOv1/+SieldIY7aFueDBaIG+IYzr4gTMSUDGXbu+UZ7N1BIQGtvaTXI/3wAWjBaa1eQ9GdF8AsE1k5rmncepCxWdl7VEM9fyMuATUl0x3m1c8pWvJ70YeZF1J/gKz5aXvTtRIqXQQuph3SpqAGmvkADdeitaWU4hzoWrBLGlK+D9eDfUlSozuohBMQwhkW8nODQ0jReUW3yoYpbCWOHyTErxBEauc0j7xMz6CMmA/v7xDZ1Y1lRKZcaWcVOksd9m7HrpOFbJBgvqfUh+7bwBEhfu9Cxg5GDiOcUYi06RuO5pBmiEY/eEwsUTzifVLY54/9MA1jHvD7BYz4=]]}] lost connection: Disconnected
[14:44:59] [Async Chat Thread - #0/INFO]: [Not Secure] <iEileen1> soy de temu
[14:45:05] [Server thread/INFO]: iMathias1 issued server command: /summon minecraft:lightning_bolt
[14:45:05] [Server thread/INFO]: [iMathias1: Summoned new Lightning Bolt]
[14:45:06] [Server thread/INFO]: iMathias1 issued server command: /summon minecraft:lightning_bolt
[14:45:06] [Server thread/INFO]: [iMathias1: Summoned new Lightning Bolt]
[14:45:07] [Server thread/INFO]: iMathias1 issued server command: /summon minecraft:lightning_bolt
[14:45:07] [Server thread/INFO]: [iMathias1: Summoned new Lightning Bolt]
[14:46:16] [Server thread/INFO]: iMathias1 issued server command: /weather clear
[14:46:16] [Server thread/INFO]: [iMathias1: Set the weather to clear]
[14:46:19] [Server thread/INFO]: iMathias1 issued server command: /tp @a @s
[14:46:19] [Server thread/INFO]: [iMathias1: Teleported 2 entities to iMathias1]
[14:46:27] [Server thread/INFO]: iMathias1 issued server command: /tp @a @s
[14:46:27] [Server thread/INFO]: [iMathias1: Teleported 2 entities to iMathias1]
[14:46:32] [Server thread/INFO]: iMathias1 issued server command: /tp @a @s
[14:46:32] [Server thread/INFO]: [iMathias1: Teleported 2 entities to iMathias1]
[14:46:35] [Server thread/INFO]: iMathias1 issued server command: /tp @a @s
[14:46:35] [Server thread/INFO]: [iMathias1: Teleported 2 entities to iMathias1]
[14:46:41] [User Authenticator #6/INFO]: UUID of player iAnderson1 is 934be25d-4c10-36af-91ba-4e1c47e28858
[14:46:49] [Server thread/INFO]: iMathias1 issued server command: /kill
[14:46:49] [Server thread/INFO]: iMathias1 was killed
[14:46:49] [Server thread/INFO]: [iMathias1: Killed iMathias1]
[14:46:57] [Server thread/INFO]: iAnderson1 joined the game
[14:46:57] [Server thread/INFO]: iAnderson1[/127.228.203.211:56099] logged in with entity id 924 at ([world]-61.05801003009178, 101.75029900000061, 7.8616340258747295)
[14:46:57] [Server thread/INFO]: iMathias1 issued server command: /function cpalawshow:life_system/set_heart/10
[14:46:57] [Server thread/INFO]: [iMathias1: Running function cpalawshow:life_system/set_heart/10]
[14:46:59] [Server thread/INFO]: iMathias1 issued server command: /tp iAnderson1
[14:46:59] [Server thread/INFO]: [iMathias1: Teleported iMathias1 to iAnderson1]
[14:47:06] [Server thread/INFO]: iMathias1 issued server command: /gamemode survival iAnderson1
[14:47:06] [Server thread/INFO]: [iMathias1: Set iAnderson1's game mode to Survival Mode]
[14:47:12] [Server thread/INFO]: iMathias1 issued server command: /summon minecraft:lightning_bolt
[14:47:12] [Server thread/INFO]: [iMathias1: Summoned new Lightning Bolt]
[14:47:20] [Server thread/INFO]: iMathias1 issued server command: /effect clear @
[14:47:21] [Server thread/INFO]: iMathias1 issued server command: /effect clear @a
[14:47:21] [Server thread/INFO]: [iMathias1: Removed every effect from 3 targets]
[14:47:25] [Server thread/INFO]: iMathias1 issued server command: /tp @a @s
[14:47:25] [Server thread/INFO]: [iMathias1: Teleported 3 entities to iMathias1]
[14:47:28] [Server thread/INFO]: [iMathias1: Set own game mode to Survival Mode]
[14:47:48] [Server thread/INFO]: iMathias1 issued server command: /skin set luvismi
[14:48:04] [Server thread/INFO]: iMathias1 issued server command: /skin set top
[14:48:15] [Server thread/INFO]: iMathias1 issued server command: /time set 0
[14:48:15] [Server thread/INFO]: [iMathias1: Set the time to 0]
[14:48:18] [Server thread/INFO]: iMathias1 issued server command: /summon minecraft:lightning_bolt
[14:48:18] [Server thread/INFO]: [iMathias1: Summoned new Lightning Bolt]
[14:48:20] [Server thread/INFO]: iAnderson1 issued server command: /skin set lop
[14:48:22] [Server thread/INFO]: iMathias1 issued server command: /summon minecraft:lightning_bolt
[14:48:22] [Server thread/INFO]: [iMathias1: Summoned new Lightning Bolt]
[14:48:23] [Server thread/INFO]: iMathias1 issued server command: /summon minecraft:lightning_bolt
[14:48:23] [Server thread/INFO]: [iMathias1: Summoned new Lightning Bolt]
[14:48:35] [Server thread/INFO]: [iMathias1: Set own game mode to Spectator Mode]
[14:48:40] [Server thread/INFO]: iMathias1 issued server command: /tp @a @s
[14:48:40] [Server thread/INFO]: [iMathias1: Teleported 3 entities to iMathias1]
[14:48:42] [Server thread/INFO]: [iMathias1: Set own game mode to Survival Mode]
[14:48:45] [Server thread/INFO]: [iMathias1: Set own game mode to Creative Mode]
[14:48:49] [Server thread/INFO]: iMathias1 issued server command: /tp @a @s
[14:48:49] [Server thread/INFO]: [iMathias1: Teleported 3 entities to iMathias1]
[14:48:55] [Server thread/INFO]: iAnderson1 issued server command: /skin set loq
[14:49:04] [Async Chat Thread - #1/INFO]: [Not Secure] <iEileen1> soy de temu
[14:49:17] [Server thread/INFO]: iMathias1 issued server command: //replace air bedrock
[14:49:30] [Server thread/INFO]: iMathias1 issued server command: /gamemode survival
[14:49:30] [Server thread/INFO]: [iMathias1: Set own game mode to Survival Mode]
[14:49:50] [Server thread/INFO]: iMathias1 issued server command: /clear
[14:49:50] [Server thread/INFO]: [iMathias1: Removed 65 item(s) from player iMathias1]
[14:50:21] [Server thread/INFO]: iAnderson1 issued server command: /skin set novia
[14:50:40] [Server thread/INFO]: iMathias1 issued server command: /kill iEileen1
[14:50:40] [Server thread/INFO]: iEileen1 was killed
[14:50:40] [Server thread/INFO]: [iMathias1: Killed iEileen1]
[14:50:40] [Server thread/INFO]: iAnderson1 issued server command: /skin set gato
[14:50:44] [Server thread/INFO]: iMathias1 issued server command: /tp iEileen1 @s
[14:50:44] [Server thread/INFO]: [iMathias1: Teleported iEileen1 to iMathias1]
[14:51:19] [Server thread/INFO]: iAnderson1 issued server command: /skin set gato
[14:51:54] [Server thread/INFO]: iAnderson1 issued server command: /skin set muerte
[14:52:23] [Server thread/INFO]: iMathias1 issued server command: /skin set cat122112
[14:52:24] [Server thread/INFO]: iAnderson1 issued server command: /skin set kill
[14:52:28] [Server thread/INFO]: iMathias1 issued server command: /function cpala_waitingscreen:_cmd/show_wait_screen
[14:52:28] [Server thread/INFO]: [iMathias1: Running function cpala_waitingscreen:_cmd/show_wait_screen]
[14:52:41] [Server thread/INFO]: iMathias1 issued server command: /function cpala_waitingscreen:_cmd/hide_wait_screen
[14:52:41] [Server thread/INFO]: [iMathias1: Running function cpala_waitingscreen:_cmd/hide_wait_screen]
[14:52:43] [Server thread/INFO]: iMathias1 issued server command: /tp @a @s
[14:52:43] [Server thread/INFO]: [iMathias1: Teleported 3 entities to iMathias1]
[14:53:09] [Server thread/INFO]: iAnderson1 issued server command: /skin set cat
[14:53:10] [Async Chat Thread - #3/INFO]: [Not Secure] <iEileen1> soy de temu
[14:54:48] [Server thread/INFO]: iMathias1 issued server command: /function cpalawshow:config
[14:54:48] [Server thread/INFO]: [iMathias1: Running function cpalawshow:config]
[14:54:52] [Server thread/INFO]: iMathias1 issued server command: /function cpalawshow:animation/death/enable_immediate_respawn
[14:54:52] [Server thread/INFO]: [iMathias1: Running function cpalawshow:animation/death/enable_immediate_respawn]
[14:54:55] [Server thread/INFO]: iMathias1 issued server command: /function cpalawshow:animation/death/enable_on_death
[14:54:55] [Server thread/INFO]: [iMathias1: Running function cpalawshow:animation/death/enable_on_death]
[14:54:56] [Server thread/INFO]: iMathias1 issued server command: /function cpalawshow:animation/death/enable_life_system
[14:54:56] [Server thread/INFO]: [iMathias1: Running function cpalawshow:animation/death/enable_life_system]
[14:55:08] [User Authenticator #7/INFO]: UUID of player IloveStiven_ is 1bef747c-a48e-3479-bb59-e8e0a0b5fc5a
[14:55:16] [Server thread/INFO]: IloveStiven_ joined the game
[14:55:16] [Server thread/INFO]: IloveStiven_[/127.130.169.114:34015] logged in with entity id 1362 at ([world]-56.00911458810053, 46.0, 33.141334259342884)
[14:55:19] [Server thread/INFO]: iMathias1 issued server command: /tp IloveStiven_ @s
[14:55:19] [Server thread/INFO]: [iMathias1: Teleported IloveStiven_ to iMathias1]
[14:55:21] [Server thread/INFO]: iMathias1 issued server command: /clear IloveStiven_
[14:55:21] [Server thread/INFO]: [iMathias1: Removed 385 item(s) from player IloveStiven_]
[14:55:25] [Server thread/INFO]: iMathias1 issued server command: /gamemode survival IloveStiven_
[14:55:25] [Server thread/INFO]: [iMathias1: Set IloveStiven_'s game mode to Survival Mode]
[14:55:26] [Server thread/INFO]: iMathias1 issued server command: /clear IloveStiven_
[14:55:33] [Async Chat Thread - #5/INFO]: [Not Secure] <iMathias1> falta 1
[14:55:40] [Async Chat Thread - #5/INFO]: [Not Secure] <IloveStiven_> olaaa iAnderson1
[14:55:42] [Server thread/INFO]: iMathias1 issued server command: /tp iAnderson1 @s
[14:55:42] [Server thread/INFO]: [iMathias1: Teleported iAnderson1 to iMathias1]
[14:56:03] [Async Chat Thread - #5/INFO]: [Not Secure] <iMathias1> no esta aca xd
[14:56:18] [Async Chat Thread - #5/INFO]: [Not Secure] <iAnderson1> hola stiven
[14:56:19] [Async Chat Thread - #5/INFO]: [Not Secure] <iEileen1> soy de temu
[14:56:23] [Async Chat Thread - #5/INFO]: [Not Secure] <IloveStiven_> holaa
[14:56:23] [Async Chat Thread - #5/INFO]: [Not Secure] <iMathias1> iEileen1 que te pasa
[14:56:33] [Async Chat Thread - #5/INFO]: [Not Secure] <iEileen1> es verdad
[14:56:47] [Async Chat Thread - #5/INFO]: [Not Secure] <iMathias1> la wea viene de alibaba XDD
[14:57:02] [Async Chat Thread - #5/INFO]: [Not Secure] <iMathias1> esta en pacifico..
[14:57:13] [Async Chat Thread - #5/INFO]: [Not Secure] <iEileen1> entonces si soy de temu
[14:57:37] [Async Chat Thread - #5/INFO]: [Not Secure] <iMathias1> no es pa ahorita
[14:57:45] [Async Chat Thread - #5/INFO]: [Not Secure] <iMathias1> va
[14:57:46] [Server thread/INFO]: iAnderson1 issued server command: /
[14:58:02] [Async Chat Thread - #5/INFO]: [Not Secure] <iEileen1> no se por qué Stiven me dio u huebo
[14:58:10] [Async Chat Thread - #5/INFO]: [Not Secure] <IloveStiven_> estaba ai XD
[14:58:21] [Async Chat Thread - #5/INFO]: [Not Secure] <iEileen1> XD
[14:58:27] [Async Chat Thread - #5/INFO]: [Not Secure] <IloveStiven_> Ns XD
[14:58:30] [Async Chat Thread - #5/INFO]: [Not Secure] <IloveStiven_> regresamelo
[14:58:30] [Server thread/INFO]: iMathias1 issued server command: /reload confirm
[14:58:31] [Server thread/INFO]: iMathias1 issued server command: /reload
[14:58:31] [Server thread/INFO]: [iMathias1: Reloading!]
[14:58:32] [Server thread/INFO]: Loaded 1407 recipes
[14:58:32] [Server thread/INFO]: Loaded 1520 advancements
[14:58:34] [Server thread/INFO]: iMathias1 issued server command: /plugins
[14:58:40] [Async Chat Thread - #5/INFO]: [Not Secure] <IloveStiven_> :C
[14:58:43] [Server thread/INFO]: iMathias1 issued server command: /time set 0
[14:58:43] [Server thread/INFO]: [iMathias1: Set the time to 0]
[14:58:48] [Async Chat Thread - #5/INFO]: [Not Secure] <iMathias1> XDD
[14:58:55] [Async Chat Thread - #5/INFO]: [Not Secure] <IloveStiven_> iAnderson1 esa skin?
[14:59:03] [Async Chat Thread - #5/INFO]: [Not Secure] <iEileen1> Ander son >:(
[14:59:06] [Async Chat Thread - #5/INFO]: [Not Secure] <iAnderson1> ni se
[14:59:24] [Server thread/INFO]: iMathias1 issued server command: /msg IloveStiven_ parece homosexual xd
[14:59:44] [Async Chat Thread - #5/INFO]: [Not Secure] <iMathias1> le esta cargando XD
[14:59:57] [Async Chat Thread - #5/INFO]: [Not Secure] <iMathias1> alcalted XD
[15:00:01] [Async Chat Thread - #5/INFO]: [Not Secure] <iEileen1> soy de temuuuuuuuuuuuuuuuuuuuuuuu
[15:00:06] [Server thread/INFO]: iMathias1 issued server command: /tp iEileen1 @s
[15:00:06] [Server thread/INFO]: [iMathias1: Teleported iEileen1 to iMathias1]
[15:00:33] [Server thread/INFO]: iMathias1 issued server command: /msg IloveStiven_ XDD
[15:00:50] [Async Chat Thread - #6/INFO]: [Not Secure] <iEileen1> oye Stiven
[15:00:50] [Server thread/INFO]: iAnderson1 issued server command: /skin set sofia
[15:00:53] [Async Chat Thread - #6/INFO]: [Not Secure] <IloveStiven_> dime
[15:01:06] [Async Chat Thread - #6/INFO]: [Not Secure] <iMathias1> ya le quite el chat
[15:01:08] [Async Chat Thread - #6/INFO]: [Not Secure] <iMathias1> dice pura estupide
[15:01:20] [Async Chat Thread - #6/INFO]: [Not Secure] <IloveStiven_> iEileen1 dimelo por cartel
[15:01:39] [Async Chat Thread - #6/INFO]: [Not Secure] <iMathias1> ESA SKIN QUE
[15:01:50] [Async Chat Thread - #6/INFO]: [Not Secure] <iMathias1> XD
[15:01:58] [Async Chat Thread - #6/INFO]: [Not Secure] <iMathias1> tenia pensado poner esto
[15:02:04] [Server thread/INFO]: iAnderson1 issued server command: /skin set donalc
[15:02:04] [Async Chat Thread - #6/INFO]: [Not Secure] <iMathias1> para que entren todos
[15:02:07] [Server thread/INFO]: iMathias1 issued server command: /function cpala_waitingscreen:_cmd/show_wait_screen
[15:02:07] [Server thread/INFO]: [iMathias1: Running function cpala_waitingscreen:_cmd/show_wait_screen]
[15:02:09] [Server thread/INFO]: iMathias1 issued server command: /function cpala_waitingscreen:_cmd/hide_wait_screen
[15:02:09] [Server thread/INFO]: [iMathias1: Running function cpala_waitingscreen:_cmd/hide_wait_screen]
[15:02:15] [Async Chat Thread - #6/INFO]: [Not Secure] <iMathias1> XD
[15:02:25] [Async Chat Thread - #6/INFO]: [Not Secure] <IloveStiven_> iEileen1 sigueme
[15:02:31] [Server thread/INFO]: iAnderson1 issued server command: /skin set pol
[15:02:39] [Async Chat Thread - #6/INFO]: [Not Secure] <iMathias1> esta diciendo noma "soy de temu"
[15:02:43] [Async Chat Thread - #6/INFO]: [Not Secure] <IloveStiven_> XD
[15:02:48] [Server thread/INFO]: iAnderson1 issued server command: /skin set danomc
[15:02:55] [Async Chat Thread - #6/INFO]: [Not Secure] <iMathias1> le quito el teclado
[15:03:11] [Async Chat Thread - #6/INFO]: [Not Secure] <iMathias1> y este q
[15:03:18] [Async Chat Thread - #6/INFO]: [Not Secure] <iMathias1> XD
[15:03:25] [Async Chat Thread - #6/INFO]: [Not Secure] <IloveStiven_> blanco iEileen1
[15:03:37] [Async Chat Thread - #6/INFO]: [Not Secure] <iMathias1> ya lo puse en dificil
[15:03:40] [Server thread/INFO]: iMathias1 issued server command: /difficulty normal
[15:03:40] [Server thread/INFO]: [iMathias1: The difficulty has been set to Normal]
[15:03:48] [Server thread/INFO]: iMathias1 issued server command: /give @a bread 16
[15:03:48] [Server thread/INFO]: [iMathias1: Gave 16 [Bread] to 4]
[15:04:19] [Async Chat Thread - #6/INFO]: [Not Secure] <iMathias1> esta en dificil
[15:04:23] [Async Chat Thread - #6/INFO]: [Not Secure] <iMathias1> vamos a equiparnos
[15:04:33] [Async Chat Thread - #6/INFO]: [Not Secure] <iMathias1> no
[15:04:38] [Server thread/INFO]: iMathias1 issued server command: /tp iEileen1 @s
[15:04:38] [Server thread/INFO]: [iMathias1: Teleported iEileen1 to iMathias1]
[15:04:43] [Async Chat Thread - #6/INFO]: [Not Secure] <iMathias1> son bien malasos
[15:04:54] [Async Chat Thread - #6/INFO]: [Not Secure] <iMathias1> vengan
[15:04:59] [Async Chat Thread - #6/INFO]: [Not Secure] <iMathias1> vengan
[15:05:00] [Server thread/INFO]: iMathias1 issued server command: /tp iEileen1 @s
[15:05:00] [Server thread/INFO]: [iMathias1: Teleported iEileen1 to iMathias1]
[15:05:35] [Server thread/INFO]: iMathias1 issued server command: /tp iEileen1 @s
[15:05:35] [Server thread/INFO]: [iMathias1: Teleported iEileen1 to iMathias1]
[15:05:37] [Server thread/INFO]: iMathias1 issued server command: /summon minecraft:lightning_bolt
[15:05:37] [Server thread/INFO]: [iMathias1: Summoned new Lightning Bolt]
[15:05:52] [Server thread/INFO]: iMathias1 issued server command: /tp iEileen1 @s
[15:05:52] [Server thread/INFO]: [iMathias1: Teleported iEileen1 to iMathias1]
[15:06:53] [Server thread/INFO]: iMathias1 issued server command: /tp IloveStiven_
[15:06:53] [Server thread/INFO]: [iMathias1: Teleported iMathias1 to IloveStiven_]
[15:07:11] [Server thread/INFO]: iMathias1 issued server command: /tp @a q
[15:07:13] [Server thread/INFO]: iMathias1 issued server command: /tp @a @s
[15:07:13] [Server thread/INFO]: [iMathias1: Teleported 4 entities to iMathias1]
[15:07:50] [Async Chat Thread - #7/INFO]: [Not Secure] <iMathias1> nos estan siguiendo
[15:07:58] [Async Chat Thread - #7/INFO]: [Not Secure] <iAnderson1> no
[15:08:25] [Server thread/INFO]: iMathias1 issued server command: /msg IloveStiven_ y si les doy mas coras? xd
[15:08:36] [Server thread/INFO]: iMathias1 issued server command: /effect give iEileen1 minecraft:health_boost infinite 3 true
[15:08:36] [Server thread/INFO]: [iMathias1: Applied effect Health Boost to iEileen1]
[15:08:44] [Server thread/INFO]: iMathias1 issued server command: /effect give iAnderson1 minecraft:health_boost infinite 3 true
[15:08:44] [Server thread/INFO]: [iMathias1: Applied effect Health Boost to iAnderson1]
[15:08:46] [Server thread/INFO]: IloveStiven_ was shot by Skeleton
[15:08:46] [Server thread/INFO]: iMathias1 issued server command: /tp IloveStiven_ @s
[15:08:46] [Server thread/INFO]: [iMathias1: Teleported IloveStiven_ to iMathias1]
[15:08:47] [Async Chat Thread - #8/INFO]: [Not Secure] <iMathias1> XDD
[15:09:09] [Async Chat Thread - #8/INFO]: [Not Secure] <iMathias1> XD
[15:09:14] [Server thread/INFO]: iMathias1 issued server command: /tp IloveStiven_ @s
[15:09:14] [Server thread/INFO]: [iMathias1: Teleported IloveStiven_ to iMathias1]
[15:09:44] [Async Chat Thread - #8/INFO]: [Not Secure] <iMathias1> no se saben ni mover bien
[15:09:52] [Server thread/INFO]: iMathias1 issued server command: /time set 0
[15:09:52] [Server thread/INFO]: [iMathias1: Set the time to 0]
[15:09:56] [Async Chat Thread - #8/INFO]: [Not Secure] <iMathias1> XD
[15:10:01] [Server thread/INFO]: iMathias1 issued server command: /tp @a @s
[15:10:01] [Server thread/INFO]: [iMathias1: Teleported 4 entities to iMathias1]
[15:10:25] [Async Chat Thread - #8/INFO]: [Not Secure] <iMathias1> el ñifu
[15:10:35] [Server thread/INFO]: iMathias1 issued server command: /tp @a @s
[15:10:35] [Server thread/INFO]: [iMathias1: Teleported 4 entities to iMathias1]
[15:11:00] [Async Chat Thread - #8/INFO]: [Not Secure] <iMathias1> agamonos escudos
[15:11:04] [Async Chat Thread - #8/INFO]: [Not Secure] <iMathias1> ven
[15:11:09] [Server thread/INFO]: iMathias1 issued server command: /tp @a @s
[15:11:09] [Server thread/INFO]: [iMathias1: Teleported 4 entities to iMathias1]
[15:11:10] [Server thread/INFO]: iMathias1 issued server command: /tp @a @s
[15:11:10] [Server thread/INFO]: [iMathias1: Teleported 4 entities to iMathias1]
[15:11:10] [Server thread/INFO]: iMathias1 issued server command: /tp @a @s
[15:11:10] [Server thread/INFO]: [iMathias1: Teleported 4 entities to iMathias1]
[15:11:11] [Server thread/INFO]: iMathias1 issued server command: /tp @a @s
[15:11:11] [Server thread/INFO]: [iMathias1: Teleported 4 entities to iMathias1]
[15:11:11] [Server thread/INFO]: iMathias1 issued server command: /tp @a @s
[15:11:11] [Server thread/INFO]: [iMathias1: Teleported 4 entities to iMathias1]
[15:11:11] [Server thread/INFO]: iMathias1 issued server command: /tp @a @s
[15:11:11] [Server thread/INFO]: [iMathias1: Teleported 4 entities to iMathias1]
[15:11:11] [Server thread/INFO]: iMathias1 issued server command: /tp @a @s
[15:11:11] [Server thread/INFO]: [iMathias1: Teleported 4 entities to iMathias1]
[15:11:18] [Server thread/INFO]: iMathias1 issued server command: /tp iAnderson1 @s
[15:11:18] [Server thread/INFO]: [iMathias1: Teleported iAnderson1 to iMathias1]
[15:11:22] [Server thread/INFO]: iMathias1 issued server command: /tp iAnderson1 @s
[15:11:22] [Server thread/INFO]: [iMathias1: Teleported iAnderson1 to iMathias1]
[15:11:23] [Server thread/INFO]: iMathias1 issued server command: /tp @a @s
[15:11:23] [Server thread/INFO]: [iMathias1: Teleported 4 entities to iMathias1]
[15:11:24] [Server thread/INFO]: iMathias1 issued server command: /tp @a @s
[15:11:24] [Server thread/INFO]: [iMathias1: Teleported 4 entities to iMathias1]
[15:11:25] [Server thread/INFO]: iMathias1 issued server command: /tp @a @s
[15:11:25] [Server thread/INFO]: [iMathias1: Teleported 4 entities to iMathias1]
[15:11:27] [Async Chat Thread - #8/INFO]: [Not Secure] <iMathias1> sonbabosdos
[15:11:28] [Server thread/INFO]: iMathias1 issued server command: /tp @a @s
[15:11:28] [Server thread/INFO]: [iMathias1: Teleported 4 entities to iMathias1]
[15:11:30] [Server thread/INFO]: iMathias1 issued server command: /tp @a @s
[15:11:30] [Server thread/INFO]: [iMathias1: Teleported 4 entities to iMathias1]
[15:11:33] [Server thread/INFO]: iAnderson1 fell from a high place
[15:11:35] [Async Chat Thread - #8/INFO]: [Not Secure] <iMathias1> XDDD
[15:11:41] [Server thread/INFO]: iMathias1 issued server command: /effect give @a minecraft:night_vision infinite 1 true
[15:11:41] [Server thread/INFO]: [iMathias1: Applied effect Night Vision to 4 targets]
[15:11:48] [Async Chat Thread - #8/INFO]: [Not Secure] <iMathias1> que risa
[15:11:51] [Server thread/INFO]: iMathias1 issued server command: /tp iAnderson1 @s
[15:11:51] [Server thread/INFO]: [iMathias1: Teleported iAnderson1 to iMathias1]
[15:11:59] [Server thread/INFO]: iAnderson1 fell from a high place
[15:12:09] [Server thread/INFO]: iMathias1 issued server command: /tp iAnderson1 @s
[15:12:09] [Server thread/INFO]: [iMathias1: Teleported iAnderson1 to iMathias1]
[15:12:20] [Server thread/INFO]: iMathias1 issued server command: /effect give iAnderson1 minecraft:health_boost infinite 3 true
[15:12:20] [Server thread/INFO]: [iMathias1: Applied effect Health Boost to iAnderson1]
[15:12:21] [Server thread/INFO]: iAnderson1 fell from a high place
[15:12:39] [Server thread/INFO]: IloveStiven_ was slain by Zombie
[15:12:41] [Async Chat Thread - #8/INFO]: [Not Secure] <iMathias1> XDD
[15:12:41] [Server thread/INFO]: iAnderson1 was slain by Zombie
[15:12:45] [Server thread/INFO]: iMathias1 issued server command: /kick iAnderson1
[15:12:45] [Server thread/INFO]: iAnderson1 lost connection: Kicked by an operator
[15:12:45] [Server thread/INFO]: iAnderson1 left the game
[15:12:45] [Server thread/INFO]: [iMathias1: Kicked iAnderson1: Kicked by an operator]
[15:12:58] [Async Chat Thread - #8/INFO]: [Not Secure] <iMathias1> lo saque pq el man solo estaba que se suicidaba
[15:13:39] [Server thread/INFO]: iEileen1 fell from a high place
[15:13:56] [Async Chat Thread - #8/INFO]: [Not Secure] <iMathias1> no xd
[15:14:06] [Async Chat Thread - #8/INFO]: [Not Secure] <iMathias1> porque estaban que me insistian
[15:14:13] [Async Chat Thread - #8/INFO]: [Not Secure] <iMathias1> "haz un server"
[15:14:14] [Async Chat Thread - #8/INFO]: [Not Secure] <iMathias1> "haz un server"
[15:14:14] [Async Chat Thread - #8/INFO]: [Not Secure] <iMathias1> "haz un server"
[15:14:41] [Server thread/INFO]: iMathias1 issued server command: /effect give @a minecraft:night_vision infinite 1 true
[15:14:41] [Server thread/INFO]: [iMathias1: Applied effect Night Vision to 3 targets]
[15:15:05] [Async Chat Thread - #8/INFO]: [Not Secure] <iMathias1> mejor pa t8 esto XD
[15:15:06] [Server thread/INFO]: iEileen1 lost connection: Disconnected
[15:15:06] [Server thread/INFO]: iEileen1 left the game
[15:15:13] [Async Chat Thread - #7/INFO]: [Not Secure] <iMathias1> a t8 si le gust
[15:15:14] [Async Chat Thread - #7/INFO]: [Not Secure] <iMathias1> a que si
[15:15:24] [Async Chat Thread - #7/INFO]: [Not Secure] <iMathias1> call nuvs
[15:15:31] [Async Chat Thread - #7/INFO]: [Not Secure] <iMathias1> si esta
[15:17:34] [Server thread/INFO]: IloveStiven_ was shot by Skeleton
[15:18:47] [Server thread/INFO]: IloveStiven_ was blown up by Creeper
[15:20:16] [Server thread/INFO]: iMathias1 issued server command: /function cpalawshow:animation/death/enable_life_system
[15:20:16] [Server thread/INFO]: [iMathias1: Running function cpalawshow:animation/death/enable_life_system]
[15:21:29] [Server thread/INFO]: IloveStiven_ was shot by Skeleton
[15:22:58] [Server thread/INFO]: iMathias1 issued server command: /tp IloveStiven_
[15:22:58] [Server thread/INFO]: [iMathias1: Teleported iMathias1 to IloveStiven_]
[15:25:42] [Server thread/INFO]: IloveStiven_ was shot by Skeleton
[15:25:52] [Server thread/INFO]: iMathias1 was shot by Skeleton
[15:26:07] [Server thread/INFO]: iMathias1 issued server command: /tp IloveStiven_
[15:26:07] [Server thread/INFO]: [iMathias1: Teleported iMathias1 to IloveStiven_]
[15:26:19] [Server thread/INFO]: iMathias1 issued server command: /give @a bread 16
[15:26:19] [Server thread/INFO]: [iMathias1: Gave 16 [Bread] to 2]
[15:27:53] [Server thread/INFO]: iMathias1 issued server command: /difficulty peaceful
[15:27:53] [Server thread/INFO]: [iMathias1: The difficulty has been set to Peaceful]
[15:28:16] [Server thread/INFO]: iMathias1 issued server command: /difficulty hard
[15:28:16] [Server thread/INFO]: [iMathias1: The difficulty has been set to Hard]
[15:28:35] [Server thread/INFO]: IloveStiven_ was blown up by Creeper
[15:29:23] [Server thread/INFO]: IloveStiven_ was blown up by Creeper
[15:29:27] [Server thread/INFO]: IloveStiven_ was blown up by Creeper
[15:29:30] [Server thread/INFO]: iMathias1 issued server command: /kill
[15:29:30] [Server thread/INFO]: iMathias1 was killed
[15:29:30] [Server thread/INFO]: [iMathias1: Killed iMathias1]
[15:29:36] [Server thread/INFO]: iMathias1 issued server command: /kill IloveStiven_
[15:29:36] [Server thread/INFO]: IloveStiven_ was killed
[15:29:36] [Server thread/INFO]: [iMathias1: Killed IloveStiven_]
[15:29:37] [Server thread/INFO]: iMathias1 issued server command: /kill IloveStiven_
[15:29:37] [Server thread/INFO]: IloveStiven_ was killed
[15:29:37] [Server thread/INFO]: [iMathias1: Killed IloveStiven_]
[15:29:38] [Server thread/INFO]: iMathias1 issued server command: /kill IloveStiven_
[15:29:38] [Server thread/INFO]: IloveStiven_ was killed
[15:29:38] [Server thread/INFO]: [iMathias1: Killed IloveStiven_]
[15:29:39] [Server thread/INFO]: iMathias1 issued server command: /kill IloveStiven_
[15:29:39] [Server thread/INFO]: IloveStiven_ was killed
[15:29:39] [Server thread/INFO]: [iMathias1: Killed IloveStiven_]
[15:29:43] [Server thread/INFO]: IloveStiven_ hit the ground too hard
[15:29:50] [Server thread/INFO]: IloveStiven_ issued server command: /gamemode
[15:29:51] [Server thread/INFO]: IloveStiven_ lost connection: Disconnected
[15:29:52] [Server thread/INFO]: IloveStiven_ left the game
[15:29:53] [Server thread/INFO]: iMathias1 lost connection: Disconnected
[15:29:53] [Server thread/INFO]: iMathias1 left the game
